Rb1cc1;Fam150a,2.78184,chr1,6341448,6341770
,2.78184,chr1,7535602,7535870
Cpa6,2.78184,chr1,10423863,10424143
Crispld1,2.78184,chr1,17808714,17809063
,3.03473,chr1,22160894,22161167
,2.78184,chr1,28083104,28083357
,3.03473,chr1,28307050,28307342
,2.78166,chr1,28996438,28996689
,3.03473,chr1,31890799,31891155
,2.78184,chr1,49309344,49309741
,3.28741,chr1,49311848,49312108
,3.28763,chr1,50091325,50091631
,3.03473,chr1,50300418,50300897
Ankrd44,2.78184,chr1,54722279,54722536
BC055402,2.52894,chr1,57117938,57118213
Pard3b,3.28763,chr1,61787353,61787601
Spag16,2.56153,chr1,69959174,69959586
Spag16,3.28763,chr1,70560318,70560654
6030407O03Rik,2.52894,chr1,73615667,73615917
Inpp5d,3.28763,chr1,87637061,87637356
,2.52894,chr1,94279461,94279730
Slco6b1;Slco6c1,3.03473,chr1,97047309,97047581
Ppip5k2,2.78184,chr1,97706614,97707026
,2.78184,chr1,99184582,99184881
Serpinb13,3.03473,chr1,106982247,106982516
,3.03473,chr1,108384590,108384845
,3.28763,chr1,112460677,112461025
2900060B14Rik,2.75005,chr1,118459205,118459500
Ptpn4,2.52894,chr1,119827551,119827844
En1;Marco,3.28741,chr1,120573443,120573782
Slc35f5,2.42949,chr1,125553016,125553273
Mgat5,3.28741,chr1,127233165,127233469
Thsd7b,3.03686,chr1,129397395,129397685
Cfhr1;Gm4788,3.03473,chr1,139648648,139648959
,3.03473,chr1,141075507,141075759
,2.78166,chr1,141772648,141773010
,2.78166,chr1,143019884,143020308
Rgs18,2.78184,chr1,144786452,144786719
,3.03473,chr1,146158450,146158745
,2.78184,chr1,147185354,147185620
,2.78184,chr1,147210084,147210385
,2.63195,chr1,147720673,147720946
Lamc1,6.41444,chr1,153320295,153320724
Gorab,3.79317,chr1,163433231,163433573
Pou2f1,2.78184,chr1,165953276,165953527
Olfr1406;Olfr1404;Fcer1a;Olfr218;Olfr1408,2.86163,chr1,173136370,173136626
Mnda;Ifi204;AI607873;Mndal;Ifi203,3.03473,chr1,173826728,173827096
Olfr426;Olfr427;Olfr231;Ifi202b;Olfr420;Ifi205;Olfr424;Olfr429;Spta1;Olfr421-ps1;Olfr430;Olfr433;Olfr432,2.52894,chr1,174072657,174072969
Olfr426;Olfr427;Olfr231;Olfr420;Ifi205;Olfr424;Olfr429;Spta1;Olfr421-ps1;Olfr430;Olfr433;Olfr432,2.78166,chr1,174121494,174121772
Ppp2r5a;Nenf;Tmem206;Atf3;Fam71a,3.54052,chr1,191257661,191258066
,2.78184,chr10,15706975,15707232
Ifngr1,5.87127,chr10,19504576,19505005
Ifngr1,6.75525,chr10,19597800,19598234
Epb4.1l2;Smlr1,3.28741,chr10,25549568,25549963
,3.03473,chr10,38205457,38205783
Sobp;Scml4,3.28763,chr10,42990080,42990331
Snord14d;Snord14c,2.78184,chr10,46190299,46190601
Grik2,2.78166,chr10,49360253,49360581
Lilrb4;Gp49a,3.44178,chr10,51454390,51454763
Ddx21;Vps26a;Ddx50;2510003E04Rik;4930507D05Rik;Supv3l1;Srgn,4.06096,chr10,62543725,62544409
Jmjd1c,3.54052,chr10,67141880,67142179
Egr2;Ado,3.03473,chr10,67451889,67452185
,2.78184,chr10,67675750,67676047
Rtkn2,2.52894,chr10,68040075,68040328
,2.51159,chr10,73499072,73499377
Pcdh15,2.78184,chr10,74575748,74576056
Aes,2.52894,chr10,81558983,81559260
,2.83955,chr10,93041750,93042018
Elk3,3.28763,chr10,93274432,93274715
Gm10754,2.78184,chr10,97993289,97993541
Mgat4c,2.52894,chr10,101639606,101639906
Mgat4c,2.52894,chr10,101959933,101960188
Gm20765;Gm21312;Gm6763;Mir6411;Gm21293;Gm4340;Gm8764;Gm21304,2.52878,chr10,104242479,104242757
Otogl,2.78184,chr10,107788493,107788903
Slc35e3,3.03453,chr10,117746374,117746696
Hmga2,3.03473,chr10,120448420,120448713
Mon2,2.78166,chr10,123057084,123057333
Fam19a2,2.78184,chr10,123538307,123538599
Olfr788;Olfr787;Olfr786;Olfr784;Olfr782;Olfr781;Olfr780,3.28763,chr10,129376413,129376714
Olfr791,3.03473,chr10,129523804,129524093
Lif,3.15365,chr11,4268574,4268832
Zmiz2;Ogdh;H2afv;Ppia;Purb,2.52878,chr11,6386537,6386854
,3.03453,chr11,7685303,7685639
,2.78184,chr11,13764886,13765211
Egfr,3.28763,chr11,16878705,16879160
Egfr,2.78184,chr11,16899720,16900034
Stc2,3.03453,chr11,31326377,31326639
,2.52894,chr11,37648578,37648851
,2.78184,chr11,38929401,38929917
,3.03473,chr11,39261918,39262167
Ebf1,3.03453,chr11,44993216,44993476
,2.78166,chr11,48673061,48673372
Pdlim4;P4ha2;4933405E24Rik;Csf2,5.19396,chr11,54162995,54163279
Hint1,2.46057,chr11,54866521,54866857
Olfr311;Olfr312;Olfr313;Olfr314;Olfr315;Olfr316;Olfr317;Olfr318;Olfr319;Olfr320;Olfr322;Trim58;Fam183b,3.28763,chr11,58746347,58746643
Eif5a,2.78184,chr11,69922266,69922522
Smg6,2.77499,chr11,75137028,75137336
Smg6,9.86288,chr11,75154008,75154518
Rph3al;1700016K19Rik;Vps53;Fam101b,5.56368,chr11,75976926,75977188
D630032N06Rik;Appbp2,3.03473,chr11,85234415,85234673
Tex14;Mir8115,2.78184,chr11,87441961,87442209
Msi2;C030037D09Rik,2.52894,chr11,88719592,88719868
Car10,2.52878,chr11,93234553,93234817
Fam117a,4.10204,chr11,95354469,95354942
Lasp1,3.33857,chr11,97808605,97808859
Fbxo47;Cacnb1;Plxdc1;Lasp1;B230217C12Rik;Arl5c,3.03453,chr11,97920535,97920832
Tcap;Erbb2;Pgap3;1700003D09Rik;Pnmt;Grb7;Stard3;Mien1;Ikzf3;Zpbp2,3.03953,chr11,98458113,98458543
Mapt,2.52894,chr11,104319466,104319717
Prkca,2.78184,chr11,108083011,108083380
Rab37,2.86962,chr11,115150717,115151211
Tha1,2.43821,chr11,117871998,117872455
Metrnl,2.89479,chr11,121706482,121707101
Ncoa1,3.28763,chr12,4292182,4292471
,2.78184,chr12,6283230,6283540
,3.28763,chr12,15627289,15627538
Hdac9;Prps1l1;Snx13,2.52878,chr12,35003246,35003539
Tspan13;Agr2;Agr3,3.03473,chr12,35975940,35976242
,2.78184,chr12,39747670,39747918
Immp2l,3.03473,chr12,41093488,41093756
Gm2027;Dnajb9;Mir5627;Pnpla8,2.52894,chr12,44186209,44186463
,2.78184,chr12,45677929,45678278
,3.28763,chr12,51168257,51168649
Cfl2,5.56331,chr12,54862761,54863325
Baz1a,2.52894,chr12,54947476,54947822
Mipol1,2.89556,chr12,57309698,57309957
,3.3791,chr12,57914956,57915373
Gemin2,2.78184,chr12,59022561,59022811
,3.03473,chr12,60390218,60390560
,3.28763,chr12,63236768,63237029
,2.78184,chr12,64307098,64307386
Klhl28,3.28763,chr12,64946559,64946951
Sos2,3.03453,chr12,69624364,69624663
Daam1,3.79342,chr12,71776974,71777315
Syt16,3.03473,chr12,74191642,74191924
,2.52878,chr12,74758654,74758924
Kcnh5,2.52894,chr12,74977438,74977769
Smoc1;Slc8a3;Mir3067,2.52894,chr12,81193915,81194238
Tmed10;Fos;Zc2hc1c;Nek9,5.56331,chr12,85382849,85383387
,2.78184,chr12,95295484,95295737
Ppp4r4,2.478,chr12,103579196,103579482
Wdr25;Wars,4.80499,chr12,108893320,108893599
,3.03473,chr12,114096247,114096546
,2.78184,chr12,118708766,118709052
,2.78166,chr12,118720797,118721110
,3.28763,chr13,6752658,6752970
Dip2c,3.79342,chr13,9518959,9519218
Chrm3,3.79342,chr13,10071474,10071918
Prl2c5,3.28763,chr13,13130340,13130649
Lyst,2.52894,chr13,13674213,13674492
,2.52894,chr13,16603766,16604027
Sugct,3.03473,chr13,17642116,17642389
Cdk13,3.03453,chr13,17750602,17750949
Vmn1r194;Vmn1r191;Vmn1r192;Vmn1r193;Vmn1r189;Vmn1r188,3.03473,chr13,22158582,22158962
Fam65b,2.78166,chr13,24614482,24614876
Tubb2a,2.78184,chr13,34077639,34077942
Nedd9,4.72643,chr13,41381468,41382421
,2.48936,chr13,66275508,66275866
,2.43452,chr13,66297560,66297953
2410141K09Rik,3.22912,chr13,66402952,66403576
,3.3791,chr13,66637393,66637704
,2.25568,chr13,66739159,66739412
Mctp1,2.78184,chr13,76750411,76750680
Mctp1,3.28763,chr13,76962954,76963240
Fam172a,3.28763,chr13,77958842,77959212
,2.52894,chr13,82541767,82542025
Tmem161b,3.28763,chr13,84282092,84282411
,2.83441,chr13,88222665,88223227
Jmy,3.03473,chr13,93470042,93470327
,2.52894,chr13,115456511,115456775
Emb,2.52894,chr13,117327691,117327951
Hcn1,3.03453,chr13,117807866,117808116
,2.52878,chr14,9137160,9137441
Rarb,2.52894,chr14,16689754,16690038
4930572O13Rik,3.71362,chr14,25184930,25185276
Slmap,2.78166,chr14,26467200,26467496
Dennd6a,2.78166,chr14,26579971,26580231
1810011H11Rik,3.54052,chr14,32784154,32784659
Nrg3,3.54029,chr14,39363203,39363461
,2.78184,chr14,44385238,44385581
Txndc16;Ptger2,2.78166,chr14,45088991,45089304
Olfr723;Olfr722;Olfr725;Olfr724,2.52878,chr14,49949524,49949875
Olfr739,2.78184,chr14,50425780,50426066
Sdr39u1;Gm5801;Nfatc4;Nynrin;Cbln3;Cma2;Cma1;Khnyn;Mcpt-ps1,9.11059,chr14,55913431,55913785
Gzmf;Atp12a;Gzmb;Gzmc,2.63195,chr14,56274637,56274916
,3.03473,chr14,58569297,58569593
,3.28763,chr14,71541748,71542008
Gm9199;Cysltr2,3.28763,chr14,72962048,72962321
Lrrc63;Lcp1,2.51159,chr14,75132062,75132346
1700108F19Rik,2.78184,chr14,76781395,76781656
,2.52878,chr14,80942999,80943321
,3.03473,chr14,81601457,81601766
,2.78166,chr14,81963905,81964191
,2.78184,chr14,82386304,82386567
Diap3,3.54052,chr14,86946196,86946505
,2.52894,chr14,89421619,89421909
4930474H20Rik,3.03473,chr14,90332447,90332835
,2.52894,chr14,92771897,92772244
,2.63195,chr14,95769511,95769764
,2.78184,chr14,108259636,108259969
,3.54029,chr14,108652709,108653044
Mir3964,2.78184,chr14,109534073,109534369
Cldn10,2.78184,chr14,118864351,118864617
Dnajc3,2.78166,chr14,118963070,118963335
Hs6st3,3.03473,chr14,119396891,119397140
Dock9,2.52894,chr14,121797580,121797937
Egflam,3.03473,chr15,7271461,7271729
,3.03453,chr15,16497343,16497598
Cdh12,2.78184,chr15,21297003,21297284
,3.03473,chr15,25244171,25244490
Dap;4930430F21Rik,3.54029,chr15,31137141,31137462
Mtdh,2.78166,chr15,34055816,34056111
BC048602;Osr2;Vps13b,2.78184,chr15,35288515,35288969
Snx31;Pabpc1,2.78166,chr15,36649744,36650230
Zfpm2,3.28741,chr15,40711540,40711809
,3.03473,chr15,47416175,47416494
Csmd3,2.86163,chr15,47934472,47934733
,3.28763,chr15,49232902,49233214
,3.03473,chr15,49378055,49378373
Trps1,2.52894,chr15,50680388,50680652
Deptor,5.31043,chr15,55160622,55160966
Sntb1,4.50546,chr15,55838850,55839168
,3.54052,chr15,57043974,57044246
Lrrc6,2.5905,chr15,66445588,66446039
Tg;Sla,5.2639,chr15,66825618,66825963
Ncf4,3.23932,chr15,78248537,78248844
Tmprss6,3.03842,chr15,78449242,78449496
Il2rb;Rac2;C1qtnf6;Sstr3;Cyth4;Elfn2,2.78166,chr15,78582078,78582405
Ddx17,3.28741,chr15,79544517,79544929
Tnrc6b,3.03473,chr15,80848644,80848997
Cpne8,3.28763,chr15,90627721,90627983
Pus7l;Twf1;Irak4;Tmem117,2.52894,chr15,94602137,94602455
Letmd1,4.04915,chr15,100468715,100469281
Mucl1,2.99484,chr15,103774465,103774749
Mucl1,2.52894,chr15,103789859,103790108
Crebbp,2.52894,chr16,4141530,4141822
Grin2a,2.42949,chr16,9599042,9599358
Liph,3.03473,chr16,21973195,21973549
Rtp1;Masp1;St6gal1,2.52894,chr16,23447198,23447541
,5.40164,chr16,24154020,24154300
Trp63,2.78184,chr16,25821226,25821554
Slc35a5,2.78184,chr16,45154042,45154371
Slc35a5;Ccdc80;Btla;Atg3,3.03842,chr16,45204339,45204724
Cd96;Plcxd2,3.28741,chr16,45949977,45950344
,2.52894,chr16,47064920,47065225
,2.63195,chr16,47803849,47804171
,2.78184,chr16,51530706,51530992
,2.63195,chr16,58250773,58251222
Epha6,2.78184,chr16,60002471,60002723
Epha3,2.78166,chr16,63646476,63646921
,2.63195,chr16,65351752,65352092
,2.52894,chr16,66125261,66125558
Cadm2,2.78184,chr16,66983417,66983707
,3.03473,chr16,67918746,67919004
,3.03473,chr16,68406418,68406747
Robo1,3.03473,chr16,72619544,72619816
4930578N18Rik;Nrip1,4.76939,chr16,76225216,76225806
2810055G20Rik,2.78184,chr16,77552931,77553265
,3.28741,chr16,78732069,78732340
,3.54052,chr16,79972524,79972886
,3.03473,chr16,82259853,82260398
,3.54029,chr16,83263246,83263576
Cldn8;Cldn17;Krtap24-1,2.52894,chr16,88515999,88516321
,3.03473,chr17,16261451,16261741
Vmn2r112,2.78184,chr17,22614177,22614509
Tbc1d22b;Tbc1d22bos;Tmem217;Pim1,4.04605,chr17,29510536,29510995
Dnah8;Umodl1;Glp1r,3.28741,chr17,30951036,30951391
H2-Eb2,4.43387,chr17,34329789,34330241
Clic5;Enpp4;Rcan2;Enpp5,4.25161,chr17,44121625,44121948
Plcl2,3.33857,chr17,50499322,50499611
Satb1,3.03473,chr17,51780387,51780690
Emr4,2.78166,chr17,55830774,55831073
,3.20191,chr17,60624421,60624873
Man2a1,3.03473,chr17,64656764,64657068
L3mbtl4,2.52878,chr17,68382310,68382671
L3mbtl4,2.83441,chr17,68547633,68547900
Epb4.1l3;2410021H03Rik;Zbtb14,2.78184,chr17,69313109,69313419
,2.52894,chr17,69855105,69855365
Myl12a,2.478,chr17,71001710,71002034
Alk,2.78166,chr17,72575574,72575946
Srd5a2;Xdh,2.52878,chr17,73980284,73980541
4930429F11Rik;Gm10494;Rmdn2,3.03473,chr17,79577790,79578144
Galm,6.09283,chr17,80174029,80175285
Sos1,2.52894,chr17,80431306,80431583
,2.52894,chr17,82574983,82575237
Socs5;C330024C12Rik,2.52894,chr17,87143040,87143289
Nrxn1,3.03473,chr17,90229232,90229541
,2.52894,chr17,93481677,93481965
Ccny,2.78166,chr18,9433839,9434127
Cdh2,2.52894,chr18,16799896,16800178
Igip;Pura;4930471G03Rik;Nrg2,3.28763,chr18,36199928,36200227
Cystm1,2.78184,chr18,36352551,36352862
Sh3rf2;Grxcr2;Prelid2,2.65449,chr18,41979321,41979608
Plac8l1,2.52894,chr18,42179567,42179852
Ppp2r2b,2.62316,chr18,43026739,43027014
Dcp2;Npy6r;Myot,2.86163,chr18,44316906,44317269
Cdo1,2.78184,chr18,46723621,46723907
,3.03473,chr18,48943701,48943973
,3.79342,chr18,55573952,55574338
,3.28763,chr18,55618350,55618690
Rab27b,3.28763,chr18,70135317,70135674
Ccdc11,3.54052,chr18,74287885,74288138
Nfatc1;Gm2176,2.52894,chr18,80598865,80599117
,2.78184,chr18,85803036,85803301
,2.78184,chr18,87093863,87094209
,3.79342,chr18,88185852,88186162
Mir6359;Socs6;Rttn,2.70328,chr18,88925020,88925413
Trmt112;Plcb3;Esrra;Mir6990;Kcnk4;Prdx5;Gpr137;Tex40;Mir5046;Bad;Rps6ka4;Ccdc88b,4.77641,chr19,6869202,6869716
Fen1;Tmem258,3.28763,chr19,10204287,10204589
Dtx4;Mpeg1;Olfr1440;Olfr1441;Mir466f-1;Pfpl,2.78184,chr19,12456281,12456636
Dtx4,6.57525,chr19,12473061,12473669
,3.03453,chr19,26157820,26158204
Rfx3,3.79342,chr19,28025858,28026300
Lipk,2.52894,chr19,34005882,34006237
,3.54052,chr19,35548434,35548692
Wnt8b;Scd1;Sec31b;Ndufb8,5.31078,chr19,44461519,44461810
Sufu,2.77499,chr19,46479011,46479314
Dusp5,3.79342,chr19,53529150,53529409
Dusp5;Smc3;Rbm20,3.03473,chr19,53590461,53590803
,3.03453,chr1_GL456211_random,5482,5753
,3.54052,chr1_GL456211_random,8124,8394
,2.24053,chr1_GL456211_random,103156,103408
,3.44178,chr1_GL456211_random,104752,105193
,2.93029,chr1_GL456212_random,46144,46492
Csprs,2.63195,chr1_GL456221_random,44051,44460
Csprs,2.86962,chr1_GL456221_random,163940,164320
Celf2,3.54052,chr2,7137226,7137623
,3.03473,chr2,12675400,12675695
St8sia6;Trdmt1;Vim,4.5521,chr2,13616968,13617314
Mir3967;Gad2,3.03453,chr2,22614942,22615225
Lcn5;Lcn6;Lcn3;Obp2b;Obp2a;Lcn9;Lcn8;Bmyc;Gm13539;Lcn11;Lcn10;Glt6d1,2.83441,chr2,25741028,25741348
Fam102a;Ptges2;Naif1;Dpm2;Slc25a25;St6galnac4;Pip5kl1,3.09119,chr2,32492957,32493248
Fam102a;Naif1;Dpm2;Slc25a25;St6galnac6;St6galnac4;Pip5kl1,4.80468,chr2,32509224,32509712
,2.78184,chr2,39556711,39556964
Lrp1b,2.78184,chr2,42188263,42188556
,2.78166,chr2,56166039,56166316
Gm13629,3.03473,chr2,66452476,66452846
Stk39;4933409G03Rik,2.78184,chr2,68511885,68512143
Cers6,3.03473,chr2,68907491,68907895
Pde11a;Agps;Ttc30a2;Ttc30b;Ttc30a1,3.03473,chr2,75990769,75991019
Gm14461,3.28763,chr2,78374503,78374798
,3.03473,chr2,81648614,81648868
Olfr1231;Olfr1230;Olfr1233;Olfr1232;Olfr1240;Olfr1234;Olfr1229;Olfr1239;Olfr1238,2.78184,chr2,89379644,89379985
Olfr1245;Olfr1240;Olfr1241;Olfr1242;Olfr1243;Olfr1239;Olfr1238,3.03453,chr2,89486573,89486822
Hsd17b12;Mir670;Ttc17;Mir129-2;Mir129b,3.03473,chr2,94228386,94228685
,2.78184,chr2,95451617,95451885
,2.52894,chr2,98968312,98968629
Ccdc73,2.78184,chr2,104941992,104942573
Elp4,3.03473,chr2,105808671,105808986
,3.03473,chr2,108308836,108309086
Slc5a12,3.03473,chr2,110624832,110625092
Ano3,3.03473,chr2,110920174,110920601
Fmn1,3.03473,chr2,113559778,113560162
Scg5;Arhgap11a,6.32195,chr2,113903068,113903425
Dph6,2.52894,chr2,114504061,114504388
Tasp1,2.48936,chr2,140042351,140042606
Macrod2,2.42949,chr2,141177221,141177470
,3.39829,chr2,145046934,145047249
Xkr7;Ccm2l;Ttll9;Tm9sf4;Pdrg1;Hck,2.478,chr2,153098792,153099109
Itch,3.03473,chr2,155135316,155135626
Tgm2;2010009K17Rik;Bpi;1700060C20Rik;Rprd1b;Mir7685;D630003M21Rik,3.28763,chr2,158159851,158160193
Ncoa3,6.61728,chr2,166030990,166031718
Snai1,3.54052,chr2,167537812,167538079
Nfatc2,2.78184,chr2,168533700,168533981
Hnf4g,3.03473,chr3,3674827,3675091
,3.79317,chr3,5031571,5031844
,2.42949,chr3,10940675,10940949
Gm9733;Sirpb1a,2.78184,chr3,15288131,15288487
,3.03473,chr3,22557834,22558133
Tnik,2.78184,chr3,28453640,28453948
3110057O12Rik,2.78184,chr3,40927310,40927629
,2.78166,chr3,45671556,45672036
,3.03473,chr3,47136947,47137263
,3.28763,chr3,48725962,48726258
Maml3,3.54709,chr3,51745127,51745375
Maml3,3.28763,chr3,52102755,52103014
,2.78166,chr3,53966773,53967082
P2ry12;Med12l,2.52878,chr3,59251000,59251305
Gm5538,3.28763,chr3,59684417,59684782
Aadacl2,2.62316,chr3,60014080,60014381
Vmn2r4;Vmn2r3,2.78184,chr3,64373330,64373596
Rsrc1,2.42949,chr3,67266586,67266854
,3.03453,chr3,72738066,72738336
,2.52894,chr3,72745877,72746409
Serpini2,2.78166,chr3,75251639,75251897
,3.03473,chr3,77620620,77620871
,3.03473,chr3,81722541,81722966
4930529C04Rik;9130204L05Rik,3.03453,chr3,91165273,91165526
,3.17612,chr3,91280641,91281027
,2.42949,chr3,91411015,91411298
Spag17,3.28763,chr3,99991164,99991494
Man1a2,2.42949,chr3,100590537,100590849
Dennd2c,2.63195,chr3,103134555,103134928
Chil3;Chia1;Ovgp1;Pifo,2.78166,chr3,106075169,106075486
Gpsm2,4.7047,chr3,108720188,108720545
,2.78166,chr3,112688824,112689144
Col11a1,3.54052,chr3,113984539,113984919
,2.78166,chr3,114329159,114329414
,2.78166,chr3,114620857,114621151
,3.03473,chr3,118226958,118227212
Usp53,2.52894,chr3,122946926,122947280
Camk2d;Arsj,3.03473,chr3,126505790,126506058
LOC100862268,3.03473,chr3,127215856,127216173
,3.03453,chr3,128377316,128377588
Lef1,6.07684,chr3,131157177,131157789
Tbck;Aimp1,2.36322,chr3,132683693,132684058
Nfkb1,3.37891,chr3,135665765,135666226
,3.54052,chr3,137042559,137042833
,3.03473,chr3,137097134,137097399
Pdha2,2.52878,chr3,141180886,141181159
9330178D15Rik,2.52894,chr3,156067134,156067383
,2.78184,chr3,158793882,158794230
,2.78184,chr4,5406335,5406585
,2.5905,chr4,9015795,9016118
1110037F02Rik,10.4927,chr4,11492716,11493650
Rbm12b1,2.76916,chr4,12142733,12142995
,2.63195,chr4,13319241,13319500
,3.28763,chr4,18374460,18374805
Nkain3,3.03453,chr4,20621555,20621875
Pou3f2,2.52878,chr4,22559807,22560093
Mms22l,2.52894,chr4,24474852,24475281
,3.03473,chr4,28665332,28665812
,4.82999,chr4,32126933,32127196
Lingo2,2.78166,chr4,36466870,36467162
Lingo2,3.54029,chr4,36894567,36894825
,3.54052,chr4,37076387,37076702
Aptx;4933428C19Rik,2.78184,chr4,40617940,40618441
Gne,4.29892,chr4,44065463,44065802
,3.03473,chr4,50492044,50492294
,2.63195,chr4,52190337,52190610
D630039A03Rik;Akap2,3.03473,chr4,57834021,57834619
,3.28763,chr4,69383930,69384313
,3.03473,chr4,69648921,69649270
,2.52894,chr4,71253104,71253358
Ptprd,2.52878,chr4,76205350,76205615
Ptprd,2.52894,chr4,77182099,77182378
Snapc3;Ttc39b;Psip1;Gm11413,2.4339,chr4,83370810,83371122
Ccdc171,2.52894,chr4,83738699,83739092
,3.44178,chr4,91739414,91739771
Pde4b,3.79342,chr4,102506186,102506486
Faf1,2.52878,chr4,109892102,109892415
Smap2,3.03686,chr4,121008526,121008848
,2.478,chr4,121915970,121916225
,3.03473,chr5,6001674,6001944
,3.03473,chr5,6280962,6281643
Zfp804b,3.03686,chr5,6815585,6815913
Reln,2.62316,chr5,22002827,22003126
Gm1979;Gm21671;Gm5862;Actr3b,2.78166,chr5,25923977,25924359
4930584F24Rik,2.42949,chr5,26388368,26388626
Rbks;Bre,2.81576,chr5,31697454,31697889
Pisd;Prr14l;Yes1,3.79342,chr5,32726518,32726924
Poln,3.03686,chr5,34063303,34063875
Sorcs2,5.90804,chr5,36373212,36373906
,2.52894,chr5,58989117,58989383
Guf1,3.54482,chr5,69556679,69556931
Gabrb1,3.03473,chr5,72094423,72094723
Pea15b;Igfbp7;Polr2b,2.36322,chr5,77416468,77416719
Mir1187,3.28741,chr5,82862042,82862291
,2.42949,chr5,84810869,84811159
Npffr2;Adamts3;Gm7056,2.78166,chr5,89657432,89657686
Paqr3;Bmp2k,3.03473,chr5,97156126,97156491
Hpse;Plac8;Cops4;Coq2,2.52894,chr5,100635346,100635607
Arhgap24,4.50546,chr5,102524560,102524907
Brdt,2.78184,chr5,107361969,107362337
Gfi1,3.28091,chr5,107725599,107725896
1700047L14Rik;Fgfrl1;Dgkq;Slc26a1;Gak;Vmn2r8;Tmem175;Idua;Tmed11,3.28741,chr5,108726508,108726842
Atxn2,4.04631,chr5,121711008,121711406
P2rx7,2.92855,chr5,122644424,122644700
P2rx7,4.60903,chr5,122645229,122645574
P2rx7,3.79342,chr5,122669165,122669557
Psmd9;Setd1b;Tmem120b;Rhof;Hpd,3.79342,chr5,123214829,123215130
Eif3b;Chst12;Lfng;Grifin;Ttyh3,2.78184,chr5,140532821,140533125
Eif2ak1;Cyth3;D130017N08Rik;Usp42,2.78166,chr5,143781446,143781703
Slc25a13,2.78184,chr6,6254674,6254994
,2.78184,chr6,19032719,19032979
Grm8,2.52894,chr6,27724244,27724581
Mtpn,2.52894,chr6,35558596,35558864
Zc3hav1,4.89523,chr6,38320788,38321191
Olfr441;Olfr444;Olfr446,3.27264,chr6,43022320,43022608
Cntnap2,2.78184,chr6,46707438,46707793
Gimap3;Gimap8;Gimap9;Gimap4;Gimap5;Gimap6;Gimap7;Gimap1;AI854703,4.27995,chr6,48732708,48733239
Tmem176a;Tmem176b;Gimap4;Gimap5;Gimap6;Gimap7;Gimap1;Gimap3,4.92115,chr6,48784930,48785421
Aoc1;Tmem176a;Tmem176b;Gimap5;Gimap6;Gimap7;Gimap1;Gimap3,2.83441,chr6,48801939,48802197
,2.42949,chr6,59732138,59732529
,2.78166,chr6,65263152,65263434
,3.28741,chr6,67927248,67927613
,3.03473,chr6,68429981,68430317
Rprl1,3.03453,chr6,69244115,69244550
,2.78184,chr6,79696767,79697021
Gm1965;4933427D06Rik,9.86288,chr6,89042579,89043491
Raf1,2.78184,chr6,115650649,115650911
Vmn2r21,2.78184,chr6,123535072,123535397
9330179D12Rik;D130058E03,2.52894,chr6,127265734,127266066
,3.03473,chr6,130855091,130855448
5530400C23Rik,3.03453,chr6,133239133,133239402
E330021D16Rik;Gm8994,3.28741,chr6,136352558,136352837
,3.64424,chr6,140241174,140241480
Vmn1r84;Gm4224;Vmn1r81;Vmn1r80;Vmn1r83;Vmn1r82,3.28741,chr7,12286478,12286862
Vmn1r142;Gm16442;Gm6164;Vmn1r93;Gm4498;Vmn1r95,3.28763,chr7,20214309,20214570
Kcnn4,4.04631,chr7,24380098,24380478
Dedd2,2.89479,chr7,25205343,25205782
Cyp2a22;Cyp2a12,4.29892,chr7,27015351,27015707
Cd37,2.70328,chr7,45238187,45238454
Prmt3;Htatip2,3.03473,chr7,49741113,49741361
,2.52894,chr7,71806199,71806527
,3.3791,chr7,88676435,88676718
Crebzf;Ccdc89;Tmem126a;Tmem126b;Sytl2,2.52894,chr7,90492443,90492792
,2.78184,chr7,90935909,90936215
,2.86163,chr7,93464543,93464980
Rnf169,3.28763,chr7,99956464,99956800
Kcne3;Lipt2;Pgm2l1;P4ha3;Pold3;Gpx2-ps1,3.28741,chr7,100213688,100214008
Fchsd2,2.63195,chr7,101151305,101151684
Gm15133;Trim12a;Trim12c;Trim30b;Trim34a;Trim34b;Trim6,4.56055,chr7,104290692,104290973
Trim30a,3.03453,chr7,104467109,104467401
Olfr661;Olfr663;Olfr655;Olfr657;Olfr656;Usp17le;Olfr659;Olfr658,2.78166,chr7,104696055,104696339
Cckbr;Fam160a2;Olfr688;Olfr689;Cnga4;Gm5901;Olfr691;Olfr690;Olfr692,2.52894,chr7,105357593,105357870
,2.52894,chr7,115276731,115277041
Kdm8;Il21r;Nsmce1;Il4ra,6.6811,chr7,125511396,125511801
Zfp764;E430018J23Rik;Zfp688;9130019O22Rik;Zfp768;Zfp689;Itgal;Sephs2;Zfp747,3.54052,chr7,127369934,127370341
Tacc2;Btbd16;Plekha1;Mir7061,2.78184,chr7,130828440,130828720
Mgmt,3.03473,chr7,136868278,136868608
Tspan32,3.37815,chr7,143008256,143008627
,3.03473,chr8,5724794,5725079
,3.03473,chr8,6942536,6942796
Rab20,2.36524,chr8,11463693,11464281
Mir7065;Adprhl1;Tmco3;Grtp1;Cul4a;Dcun1d2;Lamp1;Mir1968,7.47424,chr8,13213295,13213815
Adam9,2.52878,chr8,24952965,24953352
,3.03453,chr8,32614151,32614419
Gtf2e2;Gsr;Tex15;Ppp2cb;Ubxn8;Smim18,8.09262,chr8,33646870,33647379
Tusc3,3.28763,chr8,38968255,38968555
Tusc3,2.52894,chr8,39066392,39066694
,2.92855,chr8,52199565,52199848
,2.52894,chr8,52435787,52436058
Wdr17,3.28763,chr8,54692107,54692420
Galntl6;BC030500,3.03473,chr8,58988583,58989093
Spock3,2.78166,chr8,63028693,63029007
Tom1;Isx;Hmgxb4,2.52878,chr8,74959473,74959805
Cd97,4.90176,chr8,83739649,83739991
,2.52894,chr8,98041076,98041336
,2.78184,chr8,98909282,98909538
Cdyl2,2.42949,chr8,116659258,116659514
Cdh13,3.54052,chr8,119207779,119208093
Mlycd;Mbtps1;Osgin1;Slc38a8;Necab2;Hsbp1,11.5269,chr8,119423711,119424380
Ankrd11,2.78166,chr8,122906918,122907166
Irf2bp2,2.63195,chr8,126594231,126594483
Nrp1,2.78184,chr8,128485037,128485362
Alkbh8,3.03473,chr9,3366044,3366306
,3.03473,chr9,4142213,4142553
Gm16833;Arhgap42,3.03473,chr9,9326574,9326873
,3.54052,chr9,9387195,9387587
,6.06947,chr9,11513910,11514292
Gm7904,3.28763,chr9,21609891,21610291
Npsr1,3.28763,chr9,24157860,24158188
Fam118b,2.52894,chr9,35261897,35262166
Olfr916;Olfr917;Olfr914;Olfr915;Olfr912;Olfr913;Olfr910;Vwa5a;Olfr918;Olfr919;Olfr911-ps1,2.83441,chr9,38622159,38622497
Cul5,2.52894,chr9,53622107,53622368
Neo1,3.03473,chr9,58916590,58916851
Myo9a,2.78166,chr9,59843157,59843426
Smad3,4.55763,chr9,63716233,63716545
Csnk1g1,2.78184,chr9,65935144,65935436
Tcf12,2.58868,chr9,72045760,72046019
Mlip,2.78166,chr9,77163192,77163501
,3.1001,chr9,79006961,79007301
,3.03473,chr9,80781241,80781588
Ttk;Elovl4,2.78166,chr9,83828295,83828556
Bckdhb,2.78184,chr9,84016894,84017177
Cyb5r4,3.79317,chr9,87021795,87022069
Nt5e,3.32901,chr9,88329209,88329551
Hemk1,4.05271,chr9,107333801,107334654
Cmtm8;Cmtm6;Dync1li1;Cmtm7,3.03453,chr9,114787493,114787751
Ccr9;Fyco1;Cxcr6;Slc6a20a;Lztfl1,6.32236,chr9,123740704,123741132
,2.36769,chrUn_GL456368,1198,1723
Pisd-ps3,1.4797,chrUn_JH584304,236,492
Pisd-ps3,1.90913,chrUn_JH584304,19743,20035
Pisd-ps3,1.68856,chrUn_JH584304,20964,21448
Pisd-ps3,1.48273,chrUn_JH584304,43161,43486
Pisd-ps3,1.43084,chrUn_JH584304,70793,71277
Pisd-ps3,1.29055,chrUn_JH584304,73103,73413
Pisd-ps3,1.60999,chrUn_JH584304,75782,76091
Pisd-ps3,1.07132,chrUn_JH584304,78638,79468
Pisd-ps3,1.27105,chrUn_JH584304,83638,84048
Pisd-ps3,1.48718,chrUn_JH584304,84764,85122
Pisd-ps3,1.38702,chrUn_JH584304,85513,85828
Pisd-ps3,1.31767,chrUn_JH584304,89344,89835
Pisd-ps3,1.31341,chrUn_JH584304,91241,91518
Pisd-ps3,1.37524,chrUn_JH584304,93903,94214
Pisd-ps3,1.39793,chrUn_JH584304,94621,94944
Pisd-ps3,1.40684,chrUn_JH584304,97060,97553
Pisd-ps3,1.38254,chrUn_JH584304,100489,100755
Pisd-ps3,1.61214,chrUn_JH584304,101030,101290
Pisd-ps3,1.25234,chrUn_JH584304,103250,103562
Pisd-ps3,1.10131,chrUn_JH584304,103865,104707
Pisd-ps3,1.44193,chrUn_JH584304,110028,110366
Pisd-ps3,1.37502,chrUn_JH584304,110764,111077
Pisd-ps3,1.43239,chrUn_JH584304,111687,112358
Pisd-ps3,1.30022,chrUn_JH584304,112986,113384
Dmd,3.28763,chrX,84832027,84832386
Maged2,2.42949,chrX,150865508,150866003
