,2.83393,chr1,3905425,3905659
St18,3.34919,chr1,6504058,6504383
Sgk3,3.58948,chr1,9883006,9883295
Pkhd1,3.34919,chr1,20275499,20275770
,3.34919,chr1,27496399,27496657
Kansl3;Mir6898;Fer1l5;Arid5a;Neurl3;Uggt1,2.71776,chr1,36296836,36297567
Zap70,4.02191,chr1,36766770,36767073
Il18r1,3.34919,chr1,40465550,40465807
Il18r1,3.05835,chr1,40475819,40476260
Nck2,3.34919,chr1,43496424,43496714
Nck2,2.26439,chr1,43562416,43562659
Tmeff2,2.83393,chr1,51111991,51112316
Nabp1,3.37388,chr1,51572541,51572807
,5.86885,chr1,51585006,51585292
Stat4,3.68266,chr1,52009141,52009376
Stat4,2.76759,chr1,52011399,52012073
Pms1,3.09156,chr1,53201607,53201896
Stk17b,2.7472,chr1,53784875,53785167
Hecw2,3.60682,chr1,53889478,53889760
Ankrd44,2.6829,chr1,54913565,54914006
Aox2,4.02435,chr1,58300900,58301397
Casp8,2.82278,chr1,58796157,58796395
Abi2,3.21732,chr1,60475640,60475912
Cd28,2.81339,chr1,60702586,60703144
Klf7;Mir6899;Gm13749;Mir1958,2.87075,chr1,64000661,64000900
Ikzf2,2.76506,chr1,69573730,69574043
Ikzf2,2.5763,chr1,69726528,69726848
Arpc2,2.51522,chr1,74239149,74239631
Arpc2,3.86445,chr1,74248642,74248923
Wdfy1,2.13859,chr1,79751339,79751692
1700016L21Rik;Dock10;Cul3,3.34919,chr1,80438532,80438903
Tm4sf20;Mff;Agfg1,2.51522,chr1,82832881,82833134
Dis3l2,3.04128,chr1,86885097,86885346
Inpp5d,7.47128,chr1,87637163,87637991
Dgkd,3.40567,chr1,87877750,87878150
Glrp1;Gm19589,3.01643,chr1,88578475,88578779
Glrp1;Gm19589,2.81636,chr1,88584354,88584845
Glrp1;Gm19589,3.52131,chr1,88587388,88587684
2410088K16Rik;Gm19589;Arl4c,3.85667,chr1,88654874,88655160
Lrrfip1,3.09156,chr1,91093351,91093736
Ramp1,2.76759,chr1,91193163,91193512
Ilkap,2.81636,chr1,91398540,91398793
,3.09156,chr1,94953112,94953380
,4.27327,chr1,98263181,98263422
,2.76506,chr1,101445332,101445610
,3.09156,chr1,101595536,101595791
,3.07669,chr1,101905656,101905909
Zcchc2,3.0916,chr1,105981005,105981502
Phlpp1,6.32603,chr1,106321190,106321703
Bcl2,2.83393,chr1,106697473,106697808
Cntnap5a,2.83393,chr1,115596946,115597220
Dpp10,2.76506,chr1,123324433,123324689
Mgat5,5.02738,chr1,127233071,127233464
Mcm6,3.16301,chr1,128359353,128359598
,2.6829,chr1,128766841,128767389
Nav1;Csrp1,2.6829,chr1,135659645,135659922
Gpr25;Camsap2;5730559C18Rik;Kif21b,5.78149,chr1,136255271,136255584
Kif14;Zfp281,2.87015,chr1,136578257,136578551
Mir181b-1;Mir181a-1,3.34919,chr1,137885525,137885804
Atp6v1g3;Ptprc,4.02976,chr1,138190077,138190491
Atp6v1g3;Ptprc,3.46481,chr1,138191833,138192310
,2.72235,chr1,141666602,141666851
,3.34919,chr1,141694480,141694909
,3.86445,chr1,142358510,142358782
,2.76506,chr1,142399039,142399319
1700025G04Rik,3.27522,chr1,151894018,151894286
1700025G04Rik,2.81842,chr1,152008985,152009230
Nmnat2,3.09156,chr1,153080315,153080693
Nmnat2,2.26439,chr1,153085332,153085756
Lamc1,7.04262,chr1,153320030,153320781
4930523C07Rik;Tnr,3.10933,chr1,159953174,159953510
Suco;Fasl,4.19204,chr1,161779163,161779402
Sell,4.28097,chr1,164078269,164078552
Selp,8.15102,chr1,164135222,164136960
Cd244;Slamf7;Itln1;Ly9;Cd48,4.02191,chr1,171627934,171628231
Enah;Lbr,3.18595,chr1,181860519,181861226
Ppp2r5a;Tmem206;Dtl,3.09156,chr1,191446237,191446570
,2.83393,chr1,193975275,193975814
Oprm1;Ipcef1,3.09156,chr10,6905970,6906265
Zc3h12d,2.95215,chr10,7832074,7832582
Hivep2,2.51645,chr10,13964782,13965021
Hivep2,8.04675,chr10,13982890,13983551
Ifngr1,3.52131,chr10,19494515,19494852
Ifngr1,7.44324,chr10,19504540,19505157
Ifngr1,3.38599,chr10,19506102,19506340
Il22ra2;Ifngr1,3.35363,chr10,19529806,19530175
Il22ra2;Ifngr1,2.36815,chr10,19577834,19578115
Ifngr1,3.12682,chr10,19596847,19597216
Ifngr1,2.44378,chr10,19597855,19598376
Ahi1,4.02191,chr10,20865139,20865468
Stx7,2.81636,chr10,24149278,24149599
Ptprk,3.52604,chr10,28593935,28594579
Tspyl4;Dse;Tspyl1;Nt5dc1,3.34919,chr10,34256641,34256946
,3.09156,chr10,36157906,36158184
Fyn,4.02338,chr10,39486419,39487077
Rev3l,2.83393,chr10,39830248,39830548
Rpf2;Slc16a10;Gtf3c6,3.48498,chr10,40163515,40163821
Sesn1;Cep57l1,3.1053,chr10,41809369,41809604
Mir1929;Prdm1;Atg5,4.19204,chr10,44403481,44403831
D030045P18Rik,3.60682,chr10,45822349,45822634
,3.09156,chr10,48060307,48060549
Lilrb4;Gp49a,8.54655,chr10,51453528,51454842
Ddit4,3.01643,chr10,59953830,59954149
Cdh23,2.11382,chr10,60381375,60381645
Ddx21;Vps26a;Ddx50;2510003E04Rik;4930507D05Rik;Supv3l1;Srgn,7.06089,chr10,62543687,62544504
Jmjd1c,3.2678,chr10,67243022,67243293
Rtkn2;Arid5b,2.83393,chr10,68054789,68055046
Specc1l,2.76506,chr10,75303727,75303965
Gm5134,3.50916,chr10,75978395,75978687
Pttg1ip;Itgb2;Sumo3;Gm17769;Fam207a,3.68899,chr10,77520609,77520930
Arid3a;Bc1,3.18595,chr10,79937094,79937780
Tmem259,3.45005,chr10,79985122,79985445
Csnk1g2,3.51917,chr10,80622783,80623123
Aes,3.86445,chr10,81559129,81559444
Aes,2.01316,chr10,81561113,81561501
Hcfc2,3.2678,chr10,82697442,82697786
D10Wsu102e,3.09156,chr10,83361803,83362090
Rfx4,2.83393,chr10,84897646,84897903
BC030307;Hsp90b1,2.73129,chr10,86705577,86705867
Anks1b,3.86445,chr10,90295182,90295429
,2.44378,chr10,93041512,93041818
Cdk17,2.96984,chr10,93178492,93178826
Cradd,3.34919,chr10,95180490,95180773
Cradd,3.52131,chr10,95264847,95265208
,3.32171,chr10,96370980,96371233
,3.34919,chr10,98124606,98124861
,2.12483,chr10,98745555,98745890
,3.71229,chr10,99461130,99461669
1700017N19Rik;4930430F08Rik,3.01643,chr10,100590524,100590838
Mgat4c,2.80733,chr10,102264830,102265103
Nav3,3.09156,chr10,109756919,109757219
Osbpl8,4.211,chr10,111214208,111214927
,3.60682,chr10,113981075,113981357
Cnot2,3.82687,chr10,116569182,116569488
Mdm1,3.5938,chr10,118083006,118083368
Ifng;Tmevpg1,5.05102,chr10,118419081,118419516
Grip1,2.41403,chr10,119675603,119675843
,3.51917,chr10,120616718,120617053
Ppm1h,3.1624,chr10,122760805,122761127
Fam19a2,3.09156,chr10,123637843,123638252
,2.5763,chr10,124223720,124223969
,2.83393,chr10,124236782,124237094
Sarnp,2.83393,chr10,128845766,128846013
Olfr772;Olfr9;Olfr770;Olfr765;Olfr767;Olfr771;Olfr763;Olfr769;Olfr768,3.01643,chr10,129085355,129085610
Olfr820,2.5763,chr10,130014903,130015245
Olfr822,3.09156,chr10,130072109,130072371
Osm,4.89498,chr11,4236146,4237015
Lif,2.76506,chr11,4261387,4261641
Lif,4.21434,chr11,4265920,4266641
Lif,6.61259,chr11,4268285,4268962
Hormad2;Gatsl3;Osm;Lif;Tbc1d10a,4.90618,chr11,4289147,4289631
Mtmr3,10.0548,chr11,4497193,4497778
Ccdc117;Ankrd36;Znrf3;Xbp1,4.82295,chr11,5505885,5506330
,3.09156,chr11,13470002,13470243
Spred2,4.02435,chr11,19987060,19987781
Spred2,6.28423,chr11,19989237,19989710
Peli1;Vps54,3.2187,chr11,21174409,21174749
,2.81636,chr11,22693085,22693524
1700034F02Rik,3.09156,chr11,29576994,29577247
Sptbn1,3.46481,chr11,30196170,30196563
Dock2;Spdl1,3.34919,chr11,34795928,34796219
Mir6989;Itk,4.02976,chr11,46328212,46328624
Mir6989,2.30003,chr11,46399150,46399574
,2.83393,chr11,48232066,48232460
Ifi47;Olfr56,4.14299,chr11,49093830,49094091
Tbc1d9b,3.09156,chr11,50134317,50134556
Sar1b;0610009B22Rik;Sec24a;Jade2,3.2153,chr11,51760705,51761035
Sar1b;Jade2;Cdkn2aipnl,3.09156,chr11,51883138,51883444
Olfr1371,2.41403,chr11,52211288,52211626
Gm12216,3.77398,chr11,53794987,53795570
Gm12216,4.12208,chr11,53839349,53840088
Gm12216,3.1053,chr11,53859119,53859553
Pdlim4;P4ha2;4933405E24Rik;Csf2,3.39658,chr11,54163027,54163362
Lyrm7os;Lyrm7;Gpx3;Cdc42se2;Hint1,4.12208,chr11,54808004,54808458
Lyrm7,2.41148,chr11,54844824,54845163
Larp1;Hand1,3.60682,chr11,57911807,57912075
Rai1,3.44851,chr11,60115077,60115397
Specc1,2.61519,chr11,62148380,62148835
,2.5763,chr11,63649070,63649394
Cox10,3.86445,chr11,64037701,64038012
Zkscan6,2.34754,chr11,65807004,65807385
Per1,3.07096,chr11,69098390,69098694
Pfn1,2.01329,chr11,70653666,70653998
Rap1gap2,2.41579,chr11,74556130,74556384
Cluh,3.09156,chr11,74649054,74649357
Smg6,6.18313,chr11,75154090,75154653
Rpa1,2.38795,chr11,75337225,75337784
Rph3al;1700016K19Rik;Vps53;Fam101b,4.37971,chr11,75976926,75977181
Fam101b,3.50916,chr11,76026343,76026719
Unc119,2.57339,chr11,78345694,78346315
Ksr1,2.51522,chr11,79060024,79060297
1700020L24Rik;E230016K23Rik;Ccl5;Ccl9;Heatr9;Mmp28;Taf15;Ccl6,2.51675,chr11,83536675,83537183
Vmp1;Mir8115;Rps6kb1;Rnft1;Mir467c;Tubd1;Mir21a,4.24307,chr11,86580586,86581132
Mir8115,4.14299,chr11,86816120,86816463
Tex14;Mir8115,4.35972,chr11,87422639,87423049
Tex14;Mir8115,3.36791,chr11,87461988,87462285
Cuedc1,3.34919,chr11,88161944,88162292
Msi2,3.46481,chr11,88550711,88551172
Fam117a,6.2965,chr11,95354240,95355813
B4galnt2,2.51522,chr11,95907794,95908063
Mrpl10;Tbx21;Kpnb1;Mir8103;Mir7235;Lrrc46;Scrn2;Npepps;Osbpl7;Tbkbp1,2.51522,chr11,97126961,97127255
Tbkbp1,4.21735,chr11,97143481,97143785
Tcap;Erbb2;Pgap3;1700003D09Rik;Pnmt;Grb7;Stard3;Mien1;Ikzf3;Zpbp2,5.43156,chr11,98457909,98458409
Zpbp2,2.81636,chr11,98550057,98550292
Casc3;Gm12359,3.01643,chr11,98810039,98810274
Rara,3.188,chr11,98945208,98945478
Ccr7;Tns4;Igfbp4;Top2a,3.01919,chr11,99104863,99105273
Ccr7;Smarce1;Igfbp4;Tns4,3.1053,chr11,99125163,99125599
Klhl10;Nt5c3b,3.09156,chr11,100440777,100441099
Dnajc7,2.41403,chr11,100588664,100589047
Stat5b,3.36199,chr11,100819585,100819842
Tanc2,3.09156,chr11,105609909,105610364
Pecam1,4.0508,chr11,106688346,106688674
Pitpnc1,5.22486,chr11,107393767,107394509
Pitpnc1,2.5763,chr11,107440421,107440759
Prkca,4.02435,chr11,108222833,108223422
Rgs9,2.83393,chr11,109261722,109261994
Rnf157,2.91908,chr11,116377074,116377432
Rhbdf2,3.09156,chr11,116617556,116617973
Sep-09,3.29268,chr11,117321793,117322065
Tha1,3.56902,chr11,117871955,117872563
Cyth1,3.34919,chr11,118200243,118200477
Metrnl;Tbcd;B3gntl1,2.76506,chr11,121697199,121697472
Metrnl,5.86885,chr11,121706048,121706998
Dnmt3a,4.211,chr12,3855959,3856333
,3.34919,chr12,9185835,9186088
Fam49a,3.09156,chr12,12167960,12168285
4921511I17Rik,3.34919,chr12,12386195,12386436
Mycn,3.77054,chr12,12862910,12863299
,3.2678,chr12,16171647,16171886
,3.60682,chr12,25306141,25306489
,3.86445,chr12,26068488,26068860
Rnf144a,3.07096,chr12,26401518,26401767
Bcap29,2.80733,chr12,31609299,31609656
Tspan13,3.71229,chr12,36039698,36039941
Dock4,2.83393,chr12,40580240,40580538
Mir5125,2.83393,chr12,48185688,48185924
Heatr5a;Hectd1,4.12697,chr12,51847887,51848292
Heatr5a;Hectd1,4.14299,chr12,51864910,51865389
Snx6,3.09156,chr12,54772965,54773214
Cfl2,8.24417,chr12,54862663,54863322
Gm19990;Mbip,2.83393,chr12,56361103,56361450
Gemin2,6.03286,chr12,59021281,59021663
Prkch,4.42822,chr12,73604625,73605264
Prkch;Hif1a,2.46033,chr12,73842171,73842424
Snapc1;Hif1a,2.26439,chr12,73888134,73888502
Fntb,2.5763,chr12,76841574,76841815
Fntb,4.63735,chr12,76848355,76848773
Max;Fntb,3.86445,chr12,76932571,76932867
Max,6.20421,chr12,77056927,77057279
Mpp5,2.83393,chr12,78795713,78795974
4933426M11Rik,2.61519,chr12,80792819,80793665
Sipa1l1,3.77072,chr12,82295143,82295464
Tmed10;Fos;Zc2hc1c;Nek9,6.92962,chr12,85382850,85383411
Fos;Tmed10,3.01753,chr12,85447094,85447402
Irf2bpl,3.01753,chr12,86884662,86885033
Ston2,2.83393,chr12,91766528,91766835
1700064M15Rik,2.72235,chr12,99564124,99564412
Gpr68,3.09156,chr12,100901287,100901735
Gpr68,3.09156,chr12,100903852,100904136
Ccdc88c,3.23605,chr12,101010810,101011301
Trip11,2.81636,chr12,101897214,101897487
Rin3,2.83393,chr12,102332447,102332701
Asb2,11.2293,chr12,103341066,103341573
,3.51917,chr12,107047340,107047854
,2.60346,chr12,107147010,107147268
Bcl11b,2.5763,chr12,107976707,107976974
Wdr25;Wars,6.95602,chr12,108893205,108893601
Gpr132,2.95215,chr12,112861075,112861358
Tmem121;4930427A07Rik;Tex22;Crip1;Mta1;Pacs2;Crip2,2.76759,chr12,113168075,113168312
Vipr2,4.47332,chr12,116145319,116145838
Rapgef5,2.83393,chr12,117741662,117741902
,3.34919,chr13,3336541,3336879
Akr1e1,2.41403,chr13,4709040,4709358
,2.61519,chr13,5666197,5666445
Chrm3,4.89498,chr13,10071505,10071774
Nid1;Lyst,3.2153,chr13,13571916,13572315
Arid4b,2.5763,chr13,14185785,14186053
Vps41,3.01643,chr13,18626608,18626842
Olfr1366;Olfr1364;Olfr1362;Olfr1361;Nkapl;Olfr1535;Zfp389;Zkscan4;Zkscan8;Olfr11,2.66169,chr13,21564604,21564845
Gm11346,3.52131,chr13,24604741,24605004
Exoc2;Irf4,3.77072,chr13,30813258,30813750
Serpinb9;Serpinb1b;Serpinb9b;Serpinb6b,3.2153,chr13,33001652,33002022
Gcnt2,5.60633,chr13,40924006,40924308
Nedd9,2.57216,chr13,41372821,41373082
Nedd9,12.399,chr13,41381390,41382556
Nedd9,2.74128,chr13,41383658,41383945
Hivep1,3.2187,chr13,42051231,42051705
Gfod1,5.24376,chr13,43268722,43269178
A330076C08Rik,3.09156,chr13,44247203,44247479
,2.8835,chr13,45156813,45157079
Atxn1,2.83393,chr13,45693353,45693615
Nup153;Kif13a;C78339;Cap2,3.34919,chr13,46736521,46736799
Cks2;Sema4d;Secisbp2;Shc3,3.09156,chr13,51634125,51634371
Sema4d,2.13859,chr13,51754638,51755053
Sema4d,3.36791,chr13,51767699,51768475
Sema4d;Gadd45g,3.32711,chr13,51800541,51800832
Rnf44,3.60682,chr13,54687781,54688163
Pdlim7,2.76506,chr13,55513038,55513280
Cntnap3,2.83393,chr13,64885530,64885790
,2.71079,chr13,66293802,66294037
2410141K09Rik,3.3864,chr13,66337168,66337485
2410141K09Rik,3.05771,chr13,66382281,66382529
2410141K09Rik,4.02338,chr13,66403346,66403862
,2.77427,chr13,66743966,66744243
Slc6a3,3.60682,chr13,73549360,73549622
Cast,2.83393,chr13,74762324,74762735
9330111N05Rik;5430425K12Rik;Arrdc3,2.5763,chr13,80930648,80930912
,3.09156,chr13,84869014,84869291
A830009L08Rik,2.61519,chr13,91371111,91371382
Msh3,3.34919,chr13,92244790,92245046
A630019I02Rik,2.30003,chr13,93094113,93094719
Gcnt4;1700029F12Rik,3.65689,chr13,96956354,96956754
Fam169a;Gcnt4;1700029F12Rik,3.60682,chr13,96995348,96995592
Arhgef28,2.5763,chr13,97906363,97906666
Mrps36,3.82221,chr13,100744243,100744603
,2.85058,chr13,101532947,101533630
,6.78697,chr13,101540424,101540723
Srek1;Erbb2ip,3.34919,chr13,103777740,103778119
Adamts6,3.01643,chr13,104351467,104351780
Adamts6,3.09156,chr13,104530617,104530851
Cwc27;Adamts6,4.62688,chr13,104574180,104574661
,3.09156,chr13,105606722,105606998
Pde4d,3.60682,chr13,109230313,109230550
Mir1904;Rab3c;Pde4d,2.83393,chr13,109975621,109975883
Gpbp1,2.72235,chr13,111448757,111448992
Gzma;Mir449a;Mir449b;Mir449c;Gpx8;Cdc20b;Gzmk;Esm1,7.34333,chr13,113134840,113135177
,3.34919,chr13,115221511,115221864
Emb,3.16254,chr13,117284171,117284510
Hcn1,2.5763,chr13,117807564,117807854
1700003P14Rik,2.96984,chr13,118584872,118585144
Paip1,2.5763,chr13,119436210,119436473
,2.41403,chr14,16112934,16113170
Ngly1,3.8387,chr14,16255997,16256300
,2.76506,chr14,17387111,17387403
Nr1d2,3.09156,chr14,18161206,18161445
Saysd1;Gng2,4.37971,chr14,19993609,19994143
Kcnk5,3.09156,chr14,20181574,20181809
Camk2g,3.01643,chr14,20784978,20785308
4930572O13Rik,6.75634,chr14,25161284,25162287
Dennd6a,2.80733,chr14,26579658,26580330
Arf4,3.52238,chr14,26637534,26638212
Arhgef3,2.61519,chr14,27354409,27354714
Arhgef3,2.73129,chr14,27402815,27403067
Sh3bp5,3.34919,chr14,31430958,31431211
Ankrd28,5.15506,chr14,31829710,31830117
,2.83393,chr14,40336688,40337144
,2.83393,chr14,41306114,41306394
Ddhd1;Mir5131,3.60682,chr14,45656388,45656750
Zfp219,2.11382,chr14,52022673,52023026
Dad1;Olfr49;Abhd4,2.76843,chr14,54227429,54227780
Dad1;Olfr49;Abhd4,5.12817,chr14,54230999,54231464
Dad1;Olfr49;Abhd4,4.20727,chr14,54233117,54233568
Khnyn;Cbln3,3.60682,chr14,55882232,55882621
Sdr39u1;Gm5801;Nfatc4;Nynrin;Cbln3;Cma2;Cma1;Khnyn;Mcpt-ps1,10.8631,chr14,55913222,55913823
Atp8a2;Mir719;Nupl1,3.09156,chr14,60131800,60132051
Pnoc;Fzd3;Fbxo16;Zfp395,3.09156,chr14,65330627,65330882
Ppp3cc,2.83691,chr14,70271979,70272547
1700108F19Rik,6.28423,chr14,76781587,76781870
1700108F19Rik,3.60682,chr14,76783186,76783432
Akap11,4.42822,chr14,78437970,78438404
Kbtbd7,2.51599,chr14,79426446,79426765
,3.86445,chr14,82216751,82216989
Pcdh9,2.5763,chr14,93363902,93364139
Trim52,2.83393,chr14,106198479,106198738
,3.2678,chr14,107329096,107329384
Slitrk1,2.83393,chr14,108944949,108945191
,2.83393,chr14,109016817,109017177
Farp1,2.83393,chr14,121199443,121199689
Stk24,3.09156,chr14,121325115,121325535
Dock9,2.81636,chr14,121797717,121798105
Plcxd3;C6,2.83393,chr15,4659542,4659793
Mroh2b;C6,5.60633,chr15,4816510,4817108
5430437J10Rik,4.37971,chr15,5517491,5518111
Fyb;C9,2.76506,chr15,6574721,6575036
,3.34919,chr15,20961377,20961810
Fam134b,3.34919,chr15,25884477,25884719
,2.83393,chr15,27270546,27270882
Snx31;Pabpc1;Ankrd46,2.76506,chr15,36562560,36562905
Snx31;Pabpc1,3.51917,chr15,36650080,36650354
,2.83393,chr15,46148555,46148849
4930523O13Rik,3.09156,chr15,46461965,46462266
Csmd3,2.83393,chr15,48531104,48531443
Ext1,2.83393,chr15,53157045,53157291
Sntb1,4.44494,chr15,55838848,55839345
,3.09156,chr15,56532520,56532884
Fbxo32,3.09156,chr15,58198564,58198869
Nsmce2,3.34919,chr15,59600293,59600881
,3.01827,chr15,61408556,61409071
,2.66169,chr15,61439804,61440275
,4.30699,chr15,61546741,61547036
Myc,2.51522,chr15,61987742,61988051
Pvt1,3.34919,chr15,62092865,62093150
Pvt1,3.23605,chr15,62181185,62181676
,3.17019,chr15,62456636,62457194
,2.8835,chr15,62807518,62808013
Fam49b,3.09156,chr15,63972161,63972406
Fam49b,4.02435,chr15,64023936,64024181
Asap1,3.04128,chr15,64163817,64164106
Asap1,3.35499,chr15,64205697,64206005
Hhla1;Efr3a;Oc90;Kcnq3,3.34919,chr15,65914946,65915309
Lrrc6,2.90766,chr15,66445426,66446162
Tg;Sla,6.02869,chr15,66825302,66826009
Ptk2,2.61519,chr15,73383483,73383757
Arhgap39,2.13859,chr15,76757801,76758041
Ncf4,3.62104,chr15,78248470,78248802
Tmprss6,4.74381,chr15,78449073,78449624
Tmprss6,3.04477,chr15,78450120,78450536
Il2rb,4.52464,chr15,78494837,78495201
Il2rb;Kctd17;C1qtnf6;Sstr3;Tmprss6;Mpst;Rac2;Tst;Cyth4,3.8387,chr15,78502675,78503047
Apobec3;D730005E14Rik,5.01139,chr15,79894025,79894803
D730005E14Rik,2.34849,chr15,79895520,79895946
Grap2,2.61519,chr15,80594003,80594335
Mkl1,3.3864,chr15,81104538,81104984
Ep300,3.27522,chr15,81596578,81596818
Celsr1,3.34919,chr15,86016513,86016778
Celsr1,3.86445,chr15,86028189,86028589
Dennd6b,3.2153,chr15,89196186,89196482
Dbx2;Nell2,2.83393,chr15,95531721,95532117
Pced1b,2.30003,chr15,97373407,97373666
Hdac7,3.01753,chr15,97821105,97821513
Mir1291;Kansl2;4930415O20Rik;Lalba;Snora34;Adcy6;Olfr282;9330020H09Rik;Snora2b;Olfr281;Olfr279;Ccnt1;1700031M16Rik,3.82221,chr15,98514225,98514469
Dip2b,2.93902,chr15,100060740,100061002
Letmd1,2.51522,chr15,100468718,100469064
Scn8a;Slc4a8,3.34919,chr15,100845288,100845571
Scn8a,5.15261,chr15,100905124,100905372
6030408B16Rik;Acvr1b;Mir6962;Nr4a1;Atg101;AU021063;Grasp;Krt80;A330009N23Rik,5.23039,chr15,101258374,101259133
Itgb7,3.01753,chr15,102225062,102225437
Smug1;Copz1;Mir6963;Zfp385a;Mir148b;Hnrnpa1;Itga5;Gm5643;Nfe2;Gm10052;Cbx5;Gpr84,3.34919,chr15,103258388,103258623
Nlrc3,4.37971,chr16,3976325,3976805
Pam16,2.72235,chr16,4624535,4624863
Tnp2;Clec16a;Prm1;Prm3;Prm2;Socs1;Rmi2,2.87293,chr16,10843809,10844429
Litaf,4.12208,chr16,10969417,10969713
Med15,3.34919,chr16,17694834,17695074
2510002D24Rik,3.09156,chr16,18836597,18836907
Vps8,3.82221,chr16,21530832,21531218
St6gal1,2.61243,chr16,23328380,23328619
Bcl6,3.01643,chr16,23991090,23991429
,3.72138,chr16,24151083,24152079
,7.37798,chr16,24153916,24154979
Il1rap;Cldn16;Tmem207,3.86445,chr16,26497174,26497797
Atp13a5,2.83393,chr16,29323520,29323769
Nrros,2.72235,chr16,32165468,32165709
1700007L15Rik;Zfp148;Snx4,4.89498,chr16,33370644,33371107
1700007L15Rik;Zfp148,3.41987,chr16,33380405,33380677
Kpna1,2.5763,chr16,36036110,36036386
Stfa3;Stfa2;Casr,4.42571,chr16,36476868,36477244
Eaf2;Iqcb1,3.00462,chr16,36838808,36839185
Hcls1;Golgb1;4930565N06Rik;Polq;Fbxo40,2.76506,chr16,36983893,36984142
Cox17,6.21061,chr16,38346544,38347079
B4galt4,4.52464,chr16,38755653,38756366
Drd3,4.12208,chr16,43801920,43802263
Cd200r3;Ccdc80,5.27875,chr16,45038681,45039017
Slc35a5;Ccdc80;Btla;Atg3,4.88757,chr16,45204480,45204757
,3.34919,chr16,48090124,48090481
Cd47,3.34919,chr16,49887345,49887592
,3.09156,chr16,51629584,51629842
,2.35125,chr16,51807322,51807785
Cblb,4.02191,chr16,52061063,52061534
,4.69699,chr16,55583011,55583305
Filip1l;Cmss1,3.01434,chr16,57434486,57434745
Crybg3,2.5763,chr16,59534913,59535172
Cggbp1;4930453N24Rik;Zfp654,3.34919,chr16,64823671,64823955
Cggbp1;4930453N24Rik;Htr1f;Zfp654,2.85388,chr16,64847320,64847576
Vgll3,2.83393,chr16,65940253,65940540
Speer2,3.60682,chr16,69894917,69895222
,2.83393,chr16,71492061,71492421
Robo1,2.5763,chr16,72566824,72567125
Samsn1,2.66169,chr16,75958776,75959027
4930578N18Rik;Nrip1,4.37971,chr16,76225260,76225776
,2.81636,chr16,76679850,76680335
,6.03506,chr16,76694997,76695384
2810055G20Rik;Mir125b-2;Mirlet7c-1;Mir99a,2.83393,chr16,77575425,77575698
Gm7334;Btg3,2.5763,chr16,78376882,78377133
D16Ertd472e,3.2187,chr16,78577364,78577755
,2.83393,chr16,79543104,79543339
Mir155;Mrpl39;Jam2;4930529L06Rik,3.34919,chr16,84703053,84703451
Mir155,2.81636,chr16,84713006,84713368
Atp5j;Gabpa,2.76506,chr16,84834532,84834816
,3.86445,chr16,85353781,85354045
Cct8,2.83393,chr16,87487503,87487737
Ifnar2;A930006K02Rik;Il10rb;Olig1,4.12208,chr16,91366623,91366979
Il10rb,4.40853,chr16,91413225,91413494
A930006K02Rik,3.2187,chr16,91464440,91464792
Ifnar1;Dnajc28;Tmem50b;A930006K02Rik;Ifngr2;Gart,9.73047,chr16,91533087,91534413
Gart;Son,3.09203,chr16,91645137,91645419
Runx1,3.41626,chr16,92825669,92826124
Dyrk1a,2.83393,chr16,94610878,94611205
Chd1;4933401D09Rik;Pdcd2;Prdm9,2.83393,chr17,15619573,15619888
Lnpep;Vmn2r90,2.5763,chr17,17660272,17660537
Vmn2r97,2.5763,chr17,18816659,18816949
Fpr-rs6;Vmn2r105;Vmn2r106,3.09156,chr17,20194097,20194350
Vmn1r234,3.09156,chr17,21137661,21137909
Zfp677;Zfp52;Zfp53;Zfp51;Zfp54;Zfp948,4.02599,chr17,21477461,21477942
Grm4;Mir7218;Mir7217;Mir7216;Mir7214,4.86276,chr17,27323013,27323269
Hmga1-rs1;Hmga1,2.95215,chr17,27556705,27556943
Def6,2.96984,chr17,28223734,28223990
Mir6969;Clpsl2;Clps;Mapk14;Slc26a8;Lhfpl5;Armc12;Srpk1,2.61519,chr17,28625384,28625641
Srsf3,2.5763,chr17,29030968,29031259
BC004004,2.41579,chr17,29280493,29281028
Pim1;Pi16;BC004004;Mtch1;Fgd2,4.40853,chr17,29393901,29394617
Pim1;Pi16;BC004004;Mtch1;Fgd2,4.5274,chr17,29395502,29395858
Pim1,2.6829,chr17,29492568,29492857
Tbc1d22b;Tbc1d22bos;Tmem217;Pim1,3.86445,chr17,29510503,29511004
Tmem217,2.5763,chr17,29531566,29531917
Btbd9,3.41987,chr17,30518857,30519249
Abcg1,2.81636,chr17,31073512,31073774
H2-K1,3.21732,chr17,34000312,34000849
Tap1;Tap2;Col11a2;H2-Oa;H2-Ab1;H2-DMa;H2-DMb2;H2-DMb1;BC051537;Psmb9;Psmb8;Brd2;H2-Ob,7.64441,chr17,34162523,34163340
Tap1;Tap2;Col11a2;H2-Oa;H2-Ab1;H2-DMa;H2-DMb2;H2-DMb1;BC051537;Psmb9;Psmb8;Brd2;H2-Ob,3.35363,chr17,34164128,34164398
Mir6974;Lta,3.825,chr17,35205240,35205523
H2-Bl,3.09156,chr17,36083773,36084066
Ptchd4,2.83393,chr17,42460611,42461043
Clic5;Enpp4;Rcan2;Enpp5,8.04675,chr17,44121450,44121934
Runx2,2.26439,chr17,44569681,44569965
Cul9,3.09156,chr17,46546027,46546273
Trem3;B430306N03Rik;Treml2;Nfya;Treml1;Trem1;Treml4;Trem2,3.85667,chr17,48293419,48294051
Treml2,3.80232,chr17,48300043,48301206
Trem3;Oard1;B430306N03Rik;Treml2;Apobec2;Nfya;Treml1;Trem1;Treml4;Trem2,2.51522,chr17,48332647,48333004
Btg3;Plcl2;Tbc1d5,10.9445,chr17,50729635,50730118
,2.18724,chr17,52163124,52163461
,2.96984,chr17,52468222,52468541
Zfp119b,3.04128,chr17,55944825,55945120
Znrf4;Ptprs;Mir6977;Safb;Safb2;2410015M20Rik,3.01753,chr17,56507594,56508077
Alkbh7,4.62688,chr17,56996960,56997248
Cntnap5c,3.09156,chr17,58295255,58295501
,2.5763,chr17,59898731,59898985
Fbxl17,3.09156,chr17,63263376,63263657
Dlgap1,2.83393,chr17,70519362,70519615
Xdh,4.63735,chr17,73952216,73952536
Strn;Vit,2.41403,chr17,78630914,78631202
Galm;Srsf7;Hnrnpll,2.85058,chr17,80112312,80113183
Galm,11.1016,chr17,80173875,80175400
Cdkl4;Map4k3;Sos1,2.76506,chr17,80521796,80522177
Eml4,2.76506,chr17,83367693,83367980
Kcng3;Mta3,4.4145,chr17,83654927,83655267
4933433H22Rik;Thada;Zfp36l2,2.1048,chr17,84183466,84183717
Calm2,3.74311,chr17,87446503,87446775
Gm4832;Fbxo11,3.41987,chr17,88112039,88112601
Map3k8;Mtpap;Lyzl1;4833419F23Rik,2.13859,chr18,4278198,4278437
Greb1l,3.60682,chr18,10532815,10533060
,3.42515,chr18,14511142,14511536
Kctd1,2.89339,chr18,15208511,15208749
,2.83393,chr18,17703210,17703498
AW554918,2.83393,chr18,25278902,25279185
,2.96984,chr18,30683356,30683664
4930455D15Rik;Wdr36,2.5763,chr18,32838900,32839140
Hspa9;Egr1;Etf1;Kdm3b;Reep2;Fam53c,7.64441,chr18,34854244,34854757
Matr3,2.41403,chr18,35571921,35572251
Nr3c1,2.68709,chr18,39518787,39519090
Pabpc2,2.6829,chr18,39858773,39859096
Pabpc2,4.37971,chr18,39866601,39866990
Tnfaip8,3.45249,chr18,50014446,50014753
,3.09156,chr18,54253440,54253721
Zfp608,4.12208,chr18,54900414,54900652
Zfp608,3.2187,chr18,54921769,54922280
Mar-03,3.09156,chr18,56869742,56870013
Mar-03,2.54863,chr18,56888548,56888860
C330018D20Rik,2.5763,chr18,56967029,56967405
Mir466p,4.63735,chr18,65405649,65406034
Ptpn2,3.86445,chr18,67699444,67699852
Ptpn2,2.41403,chr18,67723959,67724248
Stard6;Poli;4930503L19Rik,3.09156,chr18,70415187,70415433
,3.34919,chr18,70979709,70980008
Dcc,2.83393,chr18,71958995,71959248
Hdhd2,2.72235,chr18,76944961,76945216
,2.6829,chr18,79297506,79297774
,3.01919,chr18,79303389,79303781
Nfatc1,2.13859,chr18,80612179,80612527
Nfatc1,4.37971,chr18,80622979,80623382
Galr1;Mbp,2.85058,chr18,82471994,82472294
Mbp,5.02391,chr18,82525688,82526525
Mbp,3.79562,chr18,82529034,82529312
Socs6,2.76506,chr18,88823295,88823560
Dok6,2.83393,chr18,89672441,89672825
Tmx3,3.09156,chr18,90591566,90591852
Suv420h1;1810055G02Rik;Lrp5,3.34919,chr19,3731146,3731403
Ctsw,2.5763,chr19,5467646,5467929
Trmt112;Plcb3;Esrra;Mir6990;Kcnk4;Prdx5;Gpr137;Tex40;Mir5046;Bad;Rps6ka4;Ccdc88b,6.41577,chr19,6869053,6869863
Atl3,2.76506,chr19,7529260,7529660
Cd5;A430093F15Rik,4.04115,chr19,10738930,10739313
AW112010,5.69343,chr19,11052416,11053370
4930526L06Rik;Ms4a4b;Ms4a4c;Ms4a7;Ms4a5;Ms4a1,5.01601,chr19,11355832,11356097
Gm8369,3.75126,chr19,11505120,11505373
Dtx4,5.66787,chr19,12473056,12473774
Jak2;Insl6;Rcl1;Rln1,4.03063,chr19,29236793,29237068
Cd274,3.1053,chr19,29371580,29371842
Stambpl1,2.95872,chr19,34192341,34192691
Hectd2;1500017E21Rik;Pcgf5,3.09156,chr19,36538345,36538658
March5;Cpeb3,3.34919,chr19,37207865,37208099
Fra10ac1,3.01643,chr19,38223992,38224312
Entpd1,2.44378,chr19,40687146,40687394
Hif1an,2.6829,chr19,44562873,44563117
Sufu,4.87976,chr19,46478944,46479362
Add3,2.83393,chr19,53141657,53141920
Smndc1;Mxi1;5830416P10Rik,4.94973,chr19,53424587,53424973
5830416P10Rik,2.34754,chr19,53441391,53441737
5830416P10Rik,5.27875,chr19,53443218,53443628
5830416P10Rik,3.8813,chr19,53461273,53461902
5830416P10Rik,2.64179,chr19,53464878,53465130
Dusp5,3.2678,chr19,53529116,53529357
Dusp5,4.37971,chr19,53529946,53530217
Dusp5,4.62688,chr19,53536666,53537108
Pdcd4,3.01827,chr19,53889704,53890037
Tcf7l2,3.34919,chr19,55893018,55893350
,2.77921,chr1_GL456211_random,121724,122028
,2.51522,chr1_GL456211_random,223767,224035
,4.63735,chr1_GL456212_random,24790,25124
Celf2,2.72235,chr2,6563486,6563754
Celf2,3.44095,chr2,6707207,6707465
1700061F12Rik,3.09156,chr2,9136300,9136577
Prkcq,3.09156,chr2,11118887,11119173
Prkcq,2.78719,chr2,11193040,11193311
Prkcq,5.66787,chr2,11203055,11204408
Il15ra;Il2ra;Pfkfb3;Rbm17,4.50628,chr2,11619770,11620288
4930515L03Rik,2.5763,chr2,16876957,16877222
Pip4k2a,2.83393,chr2,18958301,18958605
Lcn5;Lcn6;Lcn3;Obp2b;Obp2a;Lcn9;Lcn8;Bmyc;Gm13539;Lcn11;Lcn10;Glt6d1,2.57339,chr2,25741197,25741448
Rapgef1,3.2678,chr2,29661864,29662344
Rapgef1,2.81636,chr2,29672262,29672594
Fam102a;Ptges2;Naif1;Dpm2;Slc25a25;St6galnac4;Pip5kl1,3.52131,chr2,32493495,32493731
Fam102a;Naif1;Dpm2;Slc25a25;St6galnac6;St6galnac4;Pip5kl1,7.54107,chr2,32509219,32509851
Pbx3,3.09156,chr2,34298965,34299202
Psmd5;Traf1;Cutal;Phf19;Hc,4.63909,chr2,34938745,34939129
Traf1,3.25432,chr2,34963100,34963481
Nek6,4.02435,chr2,38471652,38472450
Lrp1b,2.5763,chr2,41355658,41356059
Arhgap15,3.47118,chr2,43753105,43753517
Mir5129;Zeb2,3.34919,chr2,44977024,44977259
,2.83393,chr2,45456806,45457120
,4.12208,chr2,46561295,46561704
Acvr2a,2.83393,chr2,48726247,48726608
Galnt13,2.5763,chr2,54678907,54679221
,3.34919,chr2,57894914,57895174
Cytip,2.49515,chr2,58157281,58157545
Psmd14;Tank,3.21732,chr2,61700532,61700787
Dpp4,2.66169,chr2,62395046,62395316
Cobll1,2.51522,chr2,65189249,65189618
Scn2a1,2.61519,chr2,65681640,65681932
Stk39,3.09156,chr2,68469549,68469801
Myo3b,3.35363,chr2,70091474,70091767
Metap1d;Dlx1as;Dlx1;Dlx2,2.5763,chr2,71607637,71607881
Sp3;6430710C18Rik,7.47128,chr2,72837867,72838629
Rbm45,3.09156,chr2,76369900,76370165
Ube2e3,4.27327,chr2,78961595,78962060
Ssfa2,3.34919,chr2,79636513,79636749
P2rx3,3.51917,chr2,85013784,85014318
Olfr154;Olfr1015;Olfr1008;Olfr1009;Olfr1018;Olfr1002;Olfr1014;Olfr1016;Olfr1006;Olfr1010;Olfr1013;Olfr1012,2.83393,chr2,85732149,85732499
Olfr1173;Olfr1170;Olfr1176;Olfr1168,3.27522,chr2,88257223,88257481
,3.60682,chr2,99271267,99271535
Abtb2,3.34919,chr2,103632139,103632601
,3.09156,chr2,106326599,106326850
Ano3,2.83393,chr2,110675703,110675950
Olfr1318;Olfr1316;Olfr1317;Olfr1314;Olfr1312;Olfr1313;Olfr1310;Olfr1311,3.27418,chr2,112096133,112096412
Rasgrp1,2.85058,chr2,117342799,117343314
Rasgrp1,4.27327,chr2,117418621,117418909
Capn3,3.01643,chr2,120499907,120500143
Bloc1s6;Mir147;AA467197;Gatm;Spata5l1;Slc30a4,2.22932,chr2,122652395,122652646
Bcl2l11,2.35125,chr2,128152945,128153218
Gm14005,2.57216,chr2,128451519,128452078
Gm14005,3.52131,chr2,128499686,128500018
Slx4ip,2.5763,chr2,137058445,137058689
Sptlc3,2.56391,chr2,139500207,139500518
Tasp1,2.83393,chr2,140014641,140014886
Macrod2,3.09156,chr2,142221880,142222125
Mgme1;Snx5,2.61519,chr2,144269610,144269919
Zfp133-ps,4.12208,chr2,144458898,144459265
Hck,3.34919,chr2,153117696,153117938
Tspyl3,3.09156,chr2,153224675,153224975
Raly,3.21732,chr2,154793358,154793592
a;Ahcy;Itch;2310005A03Rik,4.37971,chr2,155079351,155079648
Itch,3.34919,chr2,155134929,155135303
Trpc4ap,3.35363,chr2,155679677,155680165
Phf20,2.83393,chr2,156256523,156256881
Gtsf1l;Mybl2;Ift52;Sgk2;Mir7003,2.96984,chr2,163103304,163103558
Stk4,3.86445,chr2,164079429,164079760
Sdc4,3.37388,chr2,164441286,164441541
Zfp335;Ncoa5;Slc12a5;Pltp;Pcif1;Mmp9,3.86445,chr2,164942641,164943266
Ncoa3,13.3348,chr2,166029977,166032036
Ncoa3,4.37971,chr2,166046085,166046431
Prex1,2.34754,chr2,166630343,166630694
,4.02435,chr2,167804656,167805282
Nfatc2,2.83393,chr2,168588903,168589243
Zfp217,2.5763,chr2,170117413,170117662
Rbm38,3.34919,chr2,173019819,173020060
Pck1;Ctcfl;Ctcflos;Spo11;Rae1;Rbm38,2.85058,chr2,173085899,173086412
,4.63735,chr2,173409287,173409822
Zgpat;Arfrp1,2.57164,chr2,181365060,181365306
,2.81636,chr3,10940647,10940963
,3.18595,chr3,21911113,21911603
Phc3,2.81636,chr3,30966144,30966484
Spata5;Nudt6,2.85058,chr3,37419170,37419585
Fat4,3.09156,chr3,38854024,38854293
,2.5763,chr3,39610844,39611275
,2.5763,chr3,45816569,45816889
Maml3,7.54567,chr3,51745128,51745398
Foxo1,3.78452,chr3,52270423,52270686
,3.34631,chr3,52555070,52555304
P2ry12;Med12l,2.34754,chr3,59222164,59222444
Gm5538,2.81636,chr3,59746429,59746898
Mbnl1,2.61243,chr3,60482916,60483216
,3.09156,chr3,62762002,62762261
Trim59,2.8673,chr3,69041346,69041600
Nmd3,3.2678,chr3,69722131,69722431
Fstl5,2.83393,chr3,76346231,76346532
Rapgef2,2.5763,chr3,78964341,78964620
Rapgef2,3.04023,chr3,79109155,79109408
Mnd1;Trim2;D930015E06Rik,3.34919,chr3,84066225,84066536
Etv3,4.10226,chr3,87527463,87528453
Etv3,3.99253,chr3,87529496,87529904
Mir1905;Slc25a44;Rab25;Pmf1;Ubqln4;Ssr2;Mir7011;Sema4a;Lmna;Lamtor2;Mex3a,3.01919,chr3,88510099,88510369
Mir1905;Slc25a44;Rab25;Arhgef2;Ubqln4;Ssr2;Mir7011;Sema4a;Lmna;Lamtor2;Mex3a,2.76506,chr3,88521898,88522161
Rusc1,5.41024,chr3,89087633,89087910
Fdps;Mir92b;Scamp3;Pklr;Fam189b;Hcn3;Gba;Thbs3;Efna1;Krtcap2;Rusc1;Mtx1;Trim46;Clk2;Dpm3;Muc1;Slc50a1,3.82221,chr3,89190388,89190645
She,3.2678,chr3,89840553,89840841
Chtop,2.81636,chr3,90503758,90504007
Flg2;Gm4858;Crnn,2.83393,chr3,93132729,93132980
Tnfaip8l2,3.50916,chr3,95142083,95142719
Hormad1,3.09156,chr3,95575597,95575949
Tars2;Adamtsl4;Golph3l;Ecm1;Mir7014;Rprd2;Ensa;Hormad1;Mcl1,2.13859,chr3,95669087,95669327
Ankrd34a;Polr3gl,3.2678,chr3,96593759,96594159
Gm5544,2.87902,chr3,97932040,97932327
Notch2,4.37971,chr3,98012985,98013474
Spag17,3.09156,chr3,100079524,100079794
Adora3;Rap1a;Gm5547,3.09156,chr3,105825466,105825708
Dram2;2010016I18Rik;Cept1;Chil6;Dennd2d,3.01879,chr3,106464616,106464988
Gpsm2,2.30003,chr3,108720145,108720432
Prpf38b,3.60682,chr3,108910950,108911356
Col11a1,3.09156,chr3,113984564,113984893
Col11a1,2.83393,chr3,114084557,114084860
S1pr1,3.01827,chr3,115758648,115758891
Lrrc39,3.01643,chr3,116562410,116562653
Frrs1,2.41403,chr3,116861455,116861727
Ugt8a,2.83393,chr3,125994493,125994789
Lef1,3.02472,chr3,131117188,131117473
Lef1,3.86445,chr3,131139192,131139468
Lef1,10.7316,chr3,131157115,131157811
Lef1,2.5763,chr3,131162762,131163066
Tet2;Ppa2,3.34919,chr3,133394577,133394892
4930539C22Rik,2.83393,chr3,134510049,134510292
Cisd2,4.02338,chr3,135417670,135418246
Nfkb1,5.81532,chr3,135665530,135666280
Ppp3ca,2.61519,chr3,136725481,136725836
Bmpr1b,3.09156,chr3,141995874,141996126
Gm20752,3.27522,chr3,159047108,159047349
Tox,3.34919,chr4,6950520,6950799
,2.68399,chr4,9015751,9016069
2610301B20Rik;Plekhf2,3.09156,chr4,10940676,10940941
1110037F02Rik,9.40448,chr4,11492730,11493686
4930548K13Rik,2.5763,chr4,26588823,26589067
,2.83393,chr4,29511941,29512325
,4.211,chr4,32126187,32126461
,7.23443,chr4,32126703,32127481
,3.39658,chr4,32291587,32291835
Bach2,3.2153,chr4,32363615,32363890
Rragd;4933421O10Rik;Gabrr1;Gabrr2;Ube2j1;Pm20d2,2.83393,chr4,33099785,33100064
Zfp292,3.2678,chr4,34881280,34881644
,2.96984,chr4,39703328,39703591
Dnaja1;Mir207;Smu1;Gm6297;Mir5123;B4galt1;Aptx,2.34754,chr4,40781741,40782096
Reck,3.09156,chr4,43926095,43926375
Gne,6.5356,chr4,44065542,44065926
Fbxo10;Grhpr;Zcchc7;Polr1e;Zbtb5,2.83393,chr4,44962888,44963136
Coro2a,2.92842,chr4,46583877,46584284
D630039A03Rik;Akap2,3.2187,chr4,57833651,57834210
Mup5;Mup19,2.71809,chr4,61788971,61789258
4933430I17Rik;Pole3,3.2678,chr4,62525146,62525398
Rgs3,4.37971,chr4,62681515,62681815
Akna,3.41626,chr4,63385585,63385854
Akna,3.2187,chr4,63399069,63399403
Tle1,2.5763,chr4,72096548,72096866
Ttc39b,3.77054,chr4,83315095,83315465
Mllt3,3.09156,chr4,87916835,87917071
,2.83393,chr4,90491686,90492040
Jun,3.14498,chr4,95107582,95107874
,4.37971,chr4,95196182,95196523
Jak1,2.85058,chr4,101187437,101187684
E130102H24Rik,3.51917,chr4,101357557,101358168
Pde4b,6.18313,chr4,102506255,102506749
Sgip1,10.5628,chr4,102711743,102712061
Mier1,2.87015,chr4,103121176,103121586
Skint5,3.09156,chr4,113509432,113509794
Pik3r3,2.87561,chr4,116221267,116221560
Olfr1339;D4Ertd617e;Olfr1340;Olfr62;Wdr65;Olfr1341;Ebna1bp2;Olfr1342,2.5763,chr4,118651814,118652048
Guca2a;Guca2b;Hivep3,6.23623,chr4,119733561,119733847
Ak2;Trim62;Rnf19b;Azin2,3.35499,chr4,128981228,128981554
Ak2;Tmem54;Rnf19b;Hpca;Azin2,3.52131,chr4,129034778,129035206
Zbtb8os;Rbbp4,3.34919,chr4,129336083,129336351
E330017L17Rik;Khdrbs1;Ptp4a2,2.13859,chr4,129811208,129811630
Laptm5,2.51599,chr4,130921284,130921548
Zdhhc18,2.61519,chr4,133632091,133632537
Cd52;Dhdds;Hmgn2;Sh3bgrl3;Lin28a;Aim1l;Cep85;Ubxn11,3.2678,chr4,134047516,134047838
Paqr7,2.41403,chr4,134495181,134495464
Tmem57;Syf2;Rhd;Tmem50a;Rsrp1,3.21732,chr4,134918184,134918609
Runx3,2.51522,chr4,135103606,135103853
Runx3,5.27875,chr4,135108513,135108973
Runx3;Clic4,3.60682,chr4,135206115,135206398
Tceb3;E2f2;Rpl11;Pithd1;Id3,2.44378,chr4,136082087,136082343
Gm13031;Atp13a2;Necap2;Crocc;Padi2;Mfap2;Sdhb,3.09156,chr4,140983617,140983862
Gm438;Gm13178;Gm13177;Gm436,2.83393,chr4,144702843,144703080
Tnfrsf8,2.61519,chr4,145312632,145312946
Tnfrsf8;Tnfrsf1b,2.58754,chr4,145342080,145342408
Gm572;Tardbp;Masp2;Srm,3.58475,chr4,148683856,148684105
Spsb1;Slc25a33,3.34919,chr4,149856382,149856697
Spsb1;H6pd,3.99253,chr4,149880106,149880561
Eno1b;Eno1;Car6;Rere,3.01753,chr4,150269209,150269536
Acot7,4.27327,chr4,152188684,152189072
Ski,2.95215,chr4,155162613,155162879
Ski,3.01643,chr4,155178364,155178852
B3galt6;Sdf4;9430015G10Rik;Mir429;Rnf223;Agrn;Mir200a;Ttll10;Tnfrsf4;Gm10560;Mir200b;Tnfrsf18,4.35972,chr4,156067552,156068158
Ccdc146,2.0135,chr5,21411570,21412079
5031410I06Rik;Gm5862;Gm10220;Speer4a;Gm1979;Gm10471,3.09156,chr5,26094976,26095319
Dpp6,3.34919,chr5,27692114,27692415
Zfp512,3.34919,chr5,31453877,31454156
Rbks;Bre,5.70348,chr5,31697229,31698044
Pisd;Prr14l;Yes1,3.54892,chr5,32719603,32719945
Slc5a1,2.34754,chr5,33122030,33122270
Zfyve28,3.2678,chr5,34196537,34196886
Sh3bp2,3.09156,chr5,34547168,34547448
Sorcs2,4.02435,chr5,36373263,36373856
Bloc1s4;Man2b2;Mrfap1;Ppp2r2c;Ppp2r2cos,4.21434,chr5,36839750,36840491
Jakmip1,4.37971,chr5,37066989,37067805
Tmem128,3.2678,chr5,38260216,38260584
Lcorl,3.60682,chr5,45771706,45772128
,2.83393,chr5,46136229,46136497
Mir6417;9230114K14Rik;C130083M11Rik;Dhx15,3.86445,chr5,52142077,52142394
,5.03044,chr5,53402758,53403267
Rbpj,2.76617,chr5,53588779,53589184
Rbpj,2.93902,chr5,53589816,53590111
Stim2;Tbc1d19,3.38599,chr5,53995264,53995551
,2.83393,chr5,57309936,57310183
Dthd1,4.70251,chr5,62858212,62858803
5830416I19Rik;Pgm1;Tbc1d1,3.18595,chr5,64149713,64149970
Gm3716,3.01827,chr5,64651259,64651720
1700126H18Rik;Apbb2;Nsun7;Rbm47,5.03044,chr5,66199934,66200326
,3.09156,chr5,68683978,68684241
Guf1,4.35972,chr5,69556484,69557183
,2.76506,chr5,70134619,70134890
Gabrb1,2.83393,chr5,72106468,72106735
Cnga1,3.01827,chr5,72635051,72635335
Cnga1,3.86445,chr5,72635677,72636188
Cnga1,2.39019,chr5,72636459,72636894
Paics;Ppat,3.34919,chr5,76951383,76951627
,3.51917,chr5,85741926,85742170
Prol1;Gm7714,2.5763,chr5,88264247,88264530
Shroom3,2.83393,chr5,92964014,92964320
Sep-11,3.29358,chr5,93094369,93094720
Gm7978,3.81817,chr5,93977565,93978045
Anxa3;Fras1,3.61721,chr5,96878761,96879040
Hpse;Plac8;Lin54;Cops4;Coq2,2.72172,chr5,100585038,100585385
Agpat9,2.83393,chr5,100875871,100876238
Arhgap24,4.211,chr5,102524554,102524896
Gbp6,2.83393,chr5,105293243,105293523
Rpap2,5.46257,chr5,107648709,107649338
Rpap2,2.89853,chr5,107649670,107649949
Rpap2,2.44378,chr5,107650357,107650625
Gfi1,5.32148,chr5,107725504,107726218
Fam69a,3.50539,chr5,107960901,107961156
Tpst2;1700028D13Rik;Hps4;Gm6583;Tfip11;Miat;Crybb1;Srrd;Cryba4,3.434,chr5,112272698,112273099
Tpst2,2.82487,chr5,112273950,112274219
Coq5,3.21732,chr5,115279281,115279535
Fbxw8,3.51917,chr5,118082156,118082561
Dtx1,2.76506,chr5,120685612,120685940
Atxn2,5.15261,chr5,121710976,121711467
P2rx7,5.66097,chr5,122645213,122645607
P2rx7,3.1053,chr5,122652713,122652964
Anapc5,3.12271,chr5,122820968,122821264
Vps37b,3.01879,chr5,124034474,124034797
Arl6ip4;Ogfod2;Mir7032;Ccdc62;Vps37b;Pitpnm2;Abcb9;Hip1r,5.66787,chr5,124036211,124036655
Rilpl2,3.16254,chr5,124475334,124475697
Fam101a;Zfp664;Ccdc92;Ncor2,3.2678,chr5,124954045,124954344
Fam101a;Zfp664;Ccdc92;Ncor2,4.24966,chr5,124954722,124954963
Ran,3.60682,chr5,129021769,129022103
Gtf2ird1,3.95978,chr5,134444138,134444664
Pom121,3.27522,chr5,135394696,135394932
Ccl26,3.09156,chr5,135565103,135565382
Mepce;Nyap1;Zcwpw1;Tsc22d4;Gm20605;Irs3;Lrch4;Ppp1r35;Fbxo24;Agfg2;Sap25,4.27327,chr5,137720704,137721091
Chst12;Grifin;Iqce;Ttyh3;Lfng;Brat1,3.95978,chr5,140616359,140617169
Spdyb;4930448H16Rik;Rbak;Rbakdn;Rnf216;4933411G11Rik,4.94973,chr5,143132797,143133167
Tecpr1,4.02505,chr5,144221466,144221735
Usp12;Rpl21;Rasl11a,3.09156,chr5,146824498,146824801
2210417A02Rik;Katnal1,3.51917,chr5,148820079,148820669
Ccdc132,3.09156,chr6,3602337,3602582
Glcci1,3.05801,chr6,8556590,8556830
Thsd7a,2.83393,chr6,12358570,12358869
Tmem168;B630005N14Rik,2.41403,chr6,13692287,13692569
Tfec,2.83393,chr6,16846069,16846455
Grm8,2.5763,chr6,27179136,27179399
Pax4;Snd1;Fscn3;Arf5;Gcc1,4.77601,chr6,28440402,28440832
Prrt4;Impdh1;Hilpda;Fam71f1;Fam71f2;Rbm28,2.83393,chr6,29247199,29247529
Lincpint,4.63735,chr6,31126301,31126761
Lincpint,3.86445,chr6,31216547,31216791
1700012A03Rik;Plxna4,3.09156,chr6,32110137,32110480
Chchd3,2.5763,chr6,33133430,33133762
,2.83393,chr6,35737852,35738145
Zc3hav1,6.87494,chr6,38320787,38321312
Mir1950,2.5763,chr6,40818967,40819211
Prss1;Trpv5;Prss2;Ephb6;Trpv6,3.27078,chr6,41554421,41554663
Fam115c;Fam115a;Olfr456;Olfr455;Fam115e,2.83393,chr6,42577628,42577935
Gimap3;Gimap7;Gimap1;Gimap8;Gimap9;Gimap4;Gimap5;Gimap6;Repin1;Zfp775;Gm5111;AI854703,9.91889,chr6,48679607,48680420
Gimap3;Gimap7;Gimap1;Gimap8;Gimap9;Gimap4;Gimap5;Gimap6;Repin1;Zfp775;Gm5111;AI854703,2.71776,chr6,48681564,48682012
Gimap3;Gimap8;Gimap9;Gimap4;Gimap5;Gimap6;Gimap7;Gimap1;AI854703,4.23379,chr6,48725533,48725780
Gimap3;Gimap8;Gimap9;Gimap4;Gimap5;Gimap6;Gimap7;Gimap1;AI854703,6.41577,chr6,48732662,48733381
Tmem176a;Tmem176b;Gimap4;Gimap5;Gimap6;Gimap7;Gimap1;Gimap3,5.03132,chr6,48785168,48785605
Aoc1;Tmem176a;Tmem176b;Gimap5;Gimap6;Gimap7;Gimap1;Gimap3,3.2187,chr6,48802035,48802466
Tra2a,3.09156,chr6,49263008,49263422
Nod1,2.8835,chr6,54956029,54956370
Vopp1,3.01643,chr6,57824512,57824757
Vmn1r28;Vmn1r27,3.09156,chr6,58188985,58189232
Tnip3,2.5763,chr6,65608608,65608872
Tnip3,3.27522,chr6,65612023,65612633
Il12rb2,3.86445,chr6,67367113,67367379
,3.09156,chr6,68016272,68016520
Cd8a;Cd8b1;Mir8112;Krcc1;Rmnd5a,2.39019,chr6,71369542,71369870
Hk2,5.19812,chr6,82753041,82753449
Dguok,2.5763,chr6,83502233,83502591
Prokr1;Aplf;Arhgap25,2.81339,chr6,87541391,87541714
Prokr1;Aplf;Arhgap25,2.41403,chr6,87542040,87542299
Mgll,3.81817,chr6,88757038,88757348
Gm1965;4933427D06Rik,16.4883,chr6,89042557,89043426
Grip2;Slc6a6,3.46481,chr6,91679159,91679417
Frmd4b,3.99253,chr6,97294221,97294496
Frmd4b,3.27522,chr6,97668589,97668827
,2.36815,chr6,98597370,98597665
Foxp1,3.34919,chr6,99028640,99028879
Foxp1,3.19881,chr6,99258086,99258350
Foxp1,2.8835,chr6,99336610,99337018
Foxp1,3.02858,chr6,99432697,99433101
Cntn4,3.09156,chr6,106497269,106497516
Bhlhe40;0610040F04Rik,2.41403,chr6,108668175,108668595
Arl8b,3.68899,chr6,108780318,108780733
,3.34919,chr6,109924125,109924388
Pparg,2.83393,chr6,115406627,115406875
Rad52,3.41987,chr6,119908226,119908643
Wnk1,2.78688,chr6,119946502,119946820
Grcc10;Ptpn6,2.92889,chr6,124741009,124741502
Kcna6;Kcna1,3.09156,chr6,126664244,126664558
9330179D12Rik,2.95215,chr6,127154806,127155147
Clec2i;BC035044,3.01434,chr6,128889290,128889851
Clec12b;Clec12a;Clec2d;4922502D21Rik;2310001H17Rik;Cd69,2.73129,chr6,129284629,129285087
Klra15;Klra4;Klra22;Klra12;Klra18,3.09156,chr6,130049403,130049729
Klra15;Klra22;Klra12,2.41403,chr6,130237805,130238501
Klra1,3.60682,chr6,130386739,130387105
Emp1,2.76506,chr6,135434049,135434346
E330021D16Rik;Atf7ip,2.83393,chr6,136490959,136491204
Arhgdib,2.87902,chr6,136941378,136941690
Eps8,2.5763,chr6,137622696,137622944
Etnk1;C2cd5,2.79583,chr6,143114779,143115439
1700060C16Rik,3.09156,chr6,143631948,143632352
Bcat1,2.85058,chr6,144901974,144902353
Bcat1,3.02413,chr6,144902667,144903552
Ergic2,2.5763,chr6,148188313,148188550
Hspbp1,3.77072,chr7,4674479,4674991
Zfp865,3.01753,chr7,5020308,5020697
Lig1,17.7742,chr7,13302406,13303309
Sult2a2,2.5763,chr7,13773274,13773563
Ccdc9,4.89498,chr7,16286426,16286810
Irf2bp1,2.83393,chr7,19001367,19001668
Dmwd,3.01919,chr7,19077863,19078100
Vasp,4.37971,chr7,19266032,19266376
Bcl3,2.58754,chr7,19817433,19817726
Bcl3,4.45475,chr7,19824214,19824457
Pvr,2.83393,chr7,19920797,19921072
Kcnn4,2.28783,chr7,24369694,24370085
Kcnn4,4.89498,chr7,24379970,24380378
Irgq;Lypd5;Pinlyp;Plaur;Smg9;Irgc1;Kcnn4;Xrcc1;Cadm4;Zfp428,4.63735,chr7,24450482,24450802
Dedd2,6.14192,chr7,25205221,25205961
Gm19897,2.74128,chr7,28780801,28781301
Catsperg2,2.5763,chr7,29621698,29621948
Hcst,2.69119,chr7,30417932,30418240
Zbtb32,4.37971,chr7,30593560,30593824
,3.34919,chr7,54592790,54593031
Klf13;E030018B13Rik,3.52131,chr7,63973357,63973678
Klf13;E030018B13Rik,2.5763,chr7,63973965,63974200
Klf13;E030018B13Rik,5.22486,chr7,63984239,63984956
Lrrk1;Chsy1,5.43156,chr7,66233222,66233532
Asb7,4.12208,chr7,66547832,66548180
,3.01643,chr7,71462592,71462919
Akap13,4.69508,chr7,75572245,75572677
Klhl25;Akap13,3.01753,chr7,75797412,75798165
Klhl25,2.8835,chr7,75881487,75881834
Isg20,2.5763,chr7,78910979,78911217
2610034B18Rik,3.01827,chr7,79930757,79931084
Sema4b,2.58754,chr7,80209512,80210129
Sh3gl3,3.2678,chr7,82215683,82215989
2610206C17Rik,3.09156,chr7,84689558,84689874
Zfand6;2610206C17Rik;Olfr291,3.46481,chr7,84779115,84779397
Grm5;Tyr,2.81636,chr7,87562828,87563134
Eed;Ccdc81;l7Rn6;Me3,3.60682,chr7,89917164,89917434
E230029C05Rik,4.02191,chr7,90041780,90042080
,2.83393,chr7,90705094,90705370
,4.211,chr7,93217014,93217420
,2.5763,chr7,94943796,94944046
Lrrc32;Gucy2d,3.37388,chr7,98489152,98489740
2210018M11Rik;Lrrc32;Gucy2d,4.40298,chr7,98534492,98534829
2210018M11Rik;Lrrc32;Gucy2d,3.73755,chr7,98564718,98565072
Prkrir,2.75424,chr7,98706965,98707204
Map6,2.5763,chr7,99314825,99315104
Ucp2,2.34754,chr7,100494751,100495116
Art2b,13.8193,chr7,101580903,101581555
Nup98,2.5763,chr7,102126293,102126589
Gm15133;Trim12a;Trim12c;Trim30b;Trim34a;Trim34b;Trim6,5.47982,chr7,104290686,104290987
Gm15133;Trim12a;Trim12c;Trim30b;Trim34a;Trim34b;Trim6,3.20507,chr7,104291844,104292138
Eif4g2;Ctr9;1700012D14Rik,2.96984,chr7,111092577,111092829
Rras2,4.12208,chr7,114081720,114082100
Rras2,3.01643,chr7,114117781,114118015
Copb1;Psma1;Rras2,2.46033,chr7,114171417,114171975
Smg1,2.8835,chr7,118209826,118210080
Smg1;4930583K01Rik,4.12208,chr7,118276764,118277107
Iqck;Knop1,4.45631,chr7,118855317,118855948
Abca16,2.61519,chr7,120520028,120520274
Ubfd1;Ears2,3.60682,chr7,122067179,122067428
Prkcb,3.09156,chr7,122321032,122321307
Kdm8;Il21r;Nsmce1;Il4ra,10.0548,chr7,125511198,125512027
Il4ra,2.12483,chr7,125554297,125554533
Gtf3c1;Il21r;Il4ra,3.39658,chr7,125593055,125593410
Il21r,3.09156,chr7,125603064,125603498
Il21r,3.62104,chr7,125607437,125607824
Mir7058;Spns1;Rabep2;Nfatc2ip;Lat;Sbk1;Cd19,2.83393,chr7,126329886,126330158
Ypel3,3.34919,chr7,126776680,126777012
Tbx6,4.63735,chr7,126780114,126780457
Zfp764;E430018J23Rik;Zfp688;9130019O22Rik;Zfp768;Zfp689;Itgal;Sephs2;Zfp747,3.60682,chr7,127369977,127370339
Itgax;Pycard;Itgam;Fus;Trim72,3.60682,chr7,128050946,128051205
Tacc2;Btbd16;Plekha1;Mir7061,3.62104,chr7,130828160,130828884
Ptpre,4.63735,chr7,135588685,135588937
Ptpre,5.03132,chr7,135591483,135591835
Olfr525,3.90518,chr7,140320937,140321644
Tspan32,2.41403,chr7,143005065,143005318
Tspan32,5.897,chr7,143009958,143010196
Mir3470b,2.6829,chr7,144444920,144445200
Cttn,7.64441,chr7,144446703,144447552
A430078G23Rik,3.60682,chr8,3354377,3354741
Zfp958;Shcbp1,3.34919,chr8,4718352,4718701
Rab20;Cars2;Col4a2;Carkd,2.58754,chr8,11452816,11453370
Rab20,4.35972,chr8,11463537,11464577
Mir7065;Adprhl1;Tmco3;Grtp1;Cul4a;Dcun1d2;Lamp1;Mir1968,19.2473,chr8,13213308,13214155
Dcun1d2,2.51522,chr8,13263337,13263676
Rasa3,5.61319,chr8,13600225,13600606
Rasa3,3.01434,chr8,13674912,13675149
Kbtbd11,2.58754,chr8,15026948,15027369
Kbtbd11,2.61519,chr8,15030765,15031082
Plekha2,2.83393,chr8,25068123,25068483
Pomk,2.83393,chr8,25993045,25993335
Gtf2e2;Gsr;Tex15;Ppp2cb;Ubxn8;Smim18,4.37971,chr8,33646818,33647055
Mfhas1,3.34919,chr8,35627982,35628637
Mfhas1,4.91283,chr8,35634012,35634275
Lrp2bp,2.83393,chr8,46013950,46014252
Irf2;Gm16675,2.92908,chr8,46739342,46739631
LOC102636514;Hand2,3.09156,chr8,57259547,57259856
,2.95215,chr8,59718533,59718835
Gm4975,3.09156,chr8,63931029,63931298
Tmem192;Klhl2,3.60682,chr8,64871427,64871841
Jund,2.79583,chr8,70695334,70695603
Mpv17l2,4.02435,chr8,70761119,70761423
Rab8a;Ap1m1;Cib3;Klf2;Eps15l1;Hsh2d;Fam32a,6.11516,chr8,72277364,72277616
Rab8a;Ap1m1;Cib3;Klf2;Eps15l1;Hsh2d;Fam32a,4.52878,chr8,72278934,72279516
Ap1m1;Calr3;Klf2;Eps15l1,7.92536,chr8,72330933,72331719
Eps15l1,5.11146,chr8,72354065,72354635
Zfp827,3.54693,chr8,79030857,79031162
Inpp4b,3.09156,chr8,81349089,81349403
Inpp4b,3.85667,chr8,81701824,81702436
Inpp4b,2.61519,chr8,81820246,81820498
Rnf150,3.34919,chr8,83075675,83075956
Ndufb7;Clgn;Scoc;Tecr;Olfr370,2.83393,chr8,83506864,83507134
Cd97,7.63659,chr8,83739128,83740251
Ier2,4.04115,chr8,84661074,84661406
Adcy7,2.95215,chr8,88290102,88290611
Nod2,3.34919,chr8,88668499,88668737
Chd9,3.34919,chr8,90887112,90887499
Bbs2;Mt2;Mt3;Mt1;Nup93;Mt4,4.12208,chr8,94191242,94191660
,2.5763,chr8,98460896,98461205
,2.83393,chr8,101394512,101394759
Fbxl8;Tradd,2.58754,chr8,105264680,105265013
Nfatc3,3.1215,chr8,106058838,106059090
Il34,3.09156,chr8,110776008,110776346
Wwox,2.83393,chr8,115400187,115400511
Cdyl2,2.30003,chr8,116635927,116636459
Cdyl2,2.5763,chr8,116722902,116723158
Mlycd;Mbtps1;Osgin1;Slc38a8;Necab2;Hsbp1,29.2786,chr8,119423639,119424246
Wfdc1;Atp2c2;Klhl36;Cotl1;Tldc1,2.87504,chr8,119783619,119784179
Cotl1,4.77601,chr8,119811981,119812394
1190005I06Rik;Irf8;Cox4i1;Emc8,5.78149,chr8,120715207,120715624
1190005I06Rik;Irf8;Cox4i1;Emc8,2.44378,chr8,120725872,120726319
Rnf166;Il17c;Piezo1;Gm20735;9330133O14Rik;Ctu2;Cyba;Mvd;Snai3;Zc3h18,4.89498,chr8,122463981,122464624
Trappc2l;Pabpn1l;Acsf3;Galns;Cbfa2t3;Mir6396,2.51645,chr8,122702039,122702537
Ankrd11,4.35865,chr8,123034152,123034834
Sult5a1;Cdk10;Vps9d1;Spg7;4933417D19Rik;Mir7080;Zfp276;Cpne7;Mir7079;Dpep1;Spata33;Spata2l;Rpl13;Chmp1a;Snord68,3.01949,chr8,123162715,123163539
Egln1;Sprtn;Exoc8;Gnpat;2810004N23Rik;Trim67,2.83393,chr8,124906192,124906477
Irf2bp2,3.18595,chr8,126584433,126584676
Rbm34;Tomm20,2.21447,chr8,126847607,126848249
Rbm34;Tomm20,4.74381,chr8,126867321,126867916
Pgr;Arhgap42,2.83393,chr9,8969307,8969599
,9.27469,chr9,11513693,11514293
,3.60682,chr9,11579037,11579338
,2.2681,chr9,14092822,14093188
Panx1,2.51522,chr9,15045582,15045826
Raver1;Mir7082;Zglp1;S1pr5;Cdc37;Keap1;Fdx1l;Mir7667;Pde4a;Raver1-fdx1l;Tyk2,4.63735,chr9,21161156,21161532
Slc44a2,2.87902,chr9,21327641,21328020
Slc44a2,4.4145,chr9,21328349,21328802
Gm7904,7.72891,chr9,21609860,21610550
St14,3.27522,chr9,31130183,31130688
Tirap,2.72235,chr9,35199799,35200352
Olfr25,2.83393,chr9,38331095,38331512
Olfr916;Olfr917;Olfr914;Olfr915;Olfr912;Olfr913;Olfr910;Vwa5a;Olfr918;Olfr919;Olfr911-ps1,2.41403,chr9,38622166,38622430
Sorl1,2.01316,chr9,42097144,42097413
Grik4,6.18313,chr9,42838356,42838696
Thy1,3.34919,chr9,44041348,44041665
Cd3d,2.51522,chr9,44986419,44986938
AI118078,4.19204,chr9,55387921,55388294
Pstpip1,3.86445,chr9,56089520,56089839
Hmg20a,2.89339,chr9,56465172,56465468
Lingo1,2.76506,chr9,56680079,56680416
Trcg1;1700017B05Rik;1700041C23Rik,4.622,chr9,57272959,57273212
Trcg1;Ppcdc;1700017B05Rik;4930430J02Rik,3.14416,chr9,57339767,57340041
Sema7a,2.30003,chr9,57956669,57957136
Ccdc33;Ubl7;Cyp11a1;Sema7a;Gm16130,4.11634,chr9,57968546,57969049
Ccdc33;Ubl7;Cyp11a1;Sema7a;Gm16130,2.73405,chr9,57972341,57972869
Gm5122,2.92842,chr9,60999045,60999385
B930092H01Rik;I730028E13Rik,7.98654,chr9,61215912,61216641
,3.58475,chr9,61702474,61702737
,3.37388,chr9,61749069,61749404
,3.01643,chr9,61785799,61786050
Map2k5,8.16705,chr9,63275185,63275451
Smad3,4.22454,chr9,63716053,63716443
Parp16;Cilp;Igdcc3;Igdcc4;Clpx,3.97705,chr9,65196686,65197005
Usp3,3.60252,chr9,66589473,66589945
Elovl5,3.34919,chr9,77909686,77910164
Elovl5,4.05969,chr9,77910432,77910992
,2.61519,chr9,85119386,85119654
Me1,2.83393,chr9,86617682,86618012
Cyb5r4,4.62688,chr9,87021964,87022289
Nt5e,3.86445,chr9,88327547,88328184
Nt5e,4.58515,chr9,88329021,88329610
Nt5e,3.86445,chr9,88357268,88357598
Slc9a9,3.35363,chr9,95072468,95072945
Pls1,2.76506,chr9,95832475,95832761
Tfdp2,2.83393,chr9,96245631,96245967
Atp1b3,4.32657,chr9,96364358,96364762
Trim42;Clstn2,2.83393,chr9,97406548,97406823
7420426K07Rik;2410012M07Rik;Prr23a;Gm6406;E330023G01Rik,3.34919,chr9,98825363,98825626
Slc35g2;Stag1;Nck1,3.60682,chr9,100634816,100635144
Stag1,2.5763,chr9,100835310,100835552
Nudt16,3.35363,chr9,105131579,105131896
Dock3;Cish;Cacna2d2;Hemk1;Mapkapk3;6430571L13Rik,4.20961,chr9,107312883,107313313
Hemk1,7.44868,chr9,107333537,107335092
Clasp2,2.5763,chr9,113835833,113836088
Glb1,3.82221,chr9,114426278,114426704
Azi2,4.19204,chr9,118040579,118040940
Eomes,2.75533,chr9,118477525,118477932
Eomes;4933432G23Rik;Golga4,3.2678,chr9,118488234,118488484
Cx3cr1;Rpsa;Ccr8;Mobp;Slc25a38;Snora62,3.09156,chr9,120133287,120133538
Sec22c;Lyzl4os;Zfp651;Lyzl4;Nktr;Vipr1;E530011L22Rik;Deb1,2.61519,chr9,121675183,121675419
Zfp445,2.53041,chr9,122865267,122865522
Ccr9;Fyco1;Cxcr6;Slc6a20a;Lztfl1,12.3663,chr9,123740751,123741293
Slc6a20a;Xcr1;Fyco1;Cxcr6;Ccr9;Lztfl1,5.9255,chr9,123763734,123764038
Ccr5,2.61519,chr9,124120316,124120550
Pisd-ps3,1.18504,chrUn_JH584304,73149,73411
Pisd-ps3,1.39685,chrUn_JH584304,84783,85112
Pisd-ps3,1.30347,chrUn_JH584304,85529,85824
Pisd-ps3,1.24773,chrUn_JH584304,93914,94203
Pisd-ps3,1.26179,chrUn_JH584304,94623,94942
Pisd-ps3,1.14005,chrUn_JH584304,103268,103552
Pisd-ps3,1.21534,chrUn_JH584304,104199,104501
Pisd-ps3,1.33065,chrUn_JH584304,110042,110349
Pisd-ps3,1.17093,chrUn_JH584304,112997,113368
Otud5,2.73129,chrX,7865516,7865842
Elf4,2.85058,chrX,48433366,48433990
Hsf3,2.76506,chrX,96351457,96351880
,3.09156,chrX,97494502,97494834
,2.83393,chrX,117821558,117821814
3110007F17Rik,4.12208,chrX,123061578,123061816
Samt4;Samt2,3.09156,chrX,154505778,154506076
Gm8817,2.76506,chrX,167037783,167038094
