Kansl3;Mir6898;Fer1l5;Arid5a;Neurl3;Uggt1,2.71776,36296836,36297567,14.9125,36293400,36295033
Zap70,4.02191,36766770,36767073,4.31024,36761526,36763195
Il18r1,3.34919,40465550,40465807,7.38782,40465525,40465939
Il18r1,3.05835,40475819,40476260,5.4372,40475803,40476442
Nck2,2.26439,43562416,43562659,6.87601,43562207,43562601
,5.86885,51585006,51585292,5.06251,51585007,51585266
Stat4,3.68266,52009141,52009376,5.33501,52008318,52009146
Stat4,2.76759,52011399,52012073,3.52858,52010746,52011890
Stk17b,2.7472,53784875,53785167,8.6099,53779405,53785150
Hecw2,3.60682,53889478,53889760,8.18652,53889366,53889911
Ankrd44,2.6829,54913565,54914006,5.59793,54907948,54910229
Aox2,4.02435,58300900,58301397,5.92751,58300975,58301404
Casp8,2.82278,58796157,58796395,7.58857,58795154,58796011
Klf7;Mir6899;Gm13749;Mir1958,2.87075,64000661,64000900,17.967,64000583,64001135
Arpc2,2.51522,74239149,74239631,5.55626,74236195,74240191
Arpc2,3.86445,74248642,74248923,10.865,74248730,74249459
Wdfy1,2.13859,79751339,79751692,5.22144,79751224,79751739
Tm4sf20;Mff;Agfg1,2.51522,82832881,82833134,20.034,82831333,82833111
Inpp5d,7.47128,87637163,87637991,32.7364,87636885,87637973
Dgkd,3.40567,87877750,87878150,3.38751,87875958,87876702
Glrp1;Gm19589,3.01643,88578475,88578779,7.16251,88576025,88576689
Glrp1;Gm19589,2.81636,88584354,88584845,14.7964,88584527,88584956
Glrp1;Gm19589,3.52131,88587388,88587684,30.7459,88587134,88588343
2410088K16Rik;Gm19589;Arl4c,3.85667,88654874,88655160,5.08037,88654510,88655621
Lrrfip1,3.09156,91093351,91093736,5.09844,91095454,91095885
Ramp1,2.76759,91193163,91193512,5.18595,91193161,91193517
Ilkap,2.81636,91398540,91398793,6.42089,91398370,91399090
Zcchc2,3.0916,105981005,105981502,5.89123,105980731,105981597
Phlpp1,6.32603,106321190,106321703,6.91408,106321397,106321956
Mgat5,5.02738,127233071,127233464,20.0,127233008,127233929
Mcm6,3.16301,128359353,128359598,6.76155,128357265,128360417
,2.6829,128766841,128767389,5.30979,128767044,128767551
Nav1;Csrp1,2.6829,135659645,135659922,3.78751,135659647,135659920
Gpr25;Camsap2;5730559C18Rik;Kif21b,5.78149,136255271,136255584,11.6063,136255247,136255521
Kif14;Zfp281,2.87015,136578257,136578551,3.75501,136581811,136582117
Atp6v1g3;Ptprc,4.02976,138190077,138190491,11.9935,138188202,138188766
Atp6v1g3;Ptprc,3.46481,138191833,138192310,5.79222,138190134,138191073
1700025G04Rik,2.81842,152008985,152009230,5.83637,152008813,152009296
Nmnat2,3.09156,153080315,153080693,4.19845,153085274,153085801
Suco;Fasl,4.19204,161779163,161779402,3.16126,161774605,161775563
Sell,4.28097,164078269,164078552,8.1353,164073716,164074284
Selp,8.15102,164135222,164136960,18.0176,164135081,164137314
Cd244;Slamf7;Itln1;Ly9;Cd48,4.02191,171627934,171628231,9.03037,171627949,171629811
Enah;Lbr,3.18595,181860519,181861226,7.70501,181860448,181861136
Ppp2r5a;Tmem206;Dtl,3.09156,191446237,191446570,4.08188,191445451,191445981
Zc3h12d,2.95215,7832074,7832582,6.5351,7831999,7832659
Hivep2,2.51645,13964782,13965021,4.31625,13964526,13965731
Hivep2,8.04675,13982890,13983551,7.03751,13982540,13984006
Ifngr1,3.52131,19494515,19494852,4.53303,19495757,19496114
Ifngr1,7.44324,19504540,19505157,3.62292,19504082,19505018
Ifngr1,3.38599,19506102,19506340,7.40751,19505940,19506348
Il22ra2;Ifngr1,3.35363,19529806,19530175,4.44584,19529815,19530214
Il22ra2;Ifngr1,2.36815,19577834,19578115,4.44532,19577556,19578782
Ifngr1,3.12682,19596847,19597216,4.58053,19591932,19592368
Ifngr1,2.44378,19597855,19598376,5.92922,19593733,19595104
Ahi1,4.02191,20865139,20865468,6.91501,20864958,20865277
Ptprk,3.52604,28593935,28594579,3.55751,28592696,28593051
Fyn,4.02338,39486419,39487077,3.45782,39484126,39484887
Rpf2;Slc16a10;Gtf3c6,3.48498,40163515,40163821,10.1938,40163395,40163785
Sesn1;Cep57l1,3.1053,41809369,41809604,7.24376,41809454,41811303
Lilrb4;Gp49a,8.54655,51453528,51454842,7.65626,51454529,51454918
Ddit4,3.01643,59953830,59954149,5.36251,59950350,59951236
Cdh23,2.11382,60381375,60381645,2.86501,60381111,60381621
Ddx21;Vps26a;Ddx50;2510003E04Rik;4930507D05Rik;Supv3l1;Srgn,7.06089,62543687,62544504,4.48978,62543147,62544701
Specc1l,2.76506,75303727,75303965,6.35001,75303192,75303948
Pttg1ip;Itgb2;Sumo3;Gm17769;Fam207a,3.68899,77520609,77520930,5.6429,77515188,77516282
Arid3a;Bc1,3.18595,79937094,79937780,5.26876,79937050,79937312
Tmem259,3.45005,79985122,79985445,5.08037,79983924,79986287
Csnk1g2,3.51917,80622783,80623123,5.68126,80618017,80618491
Aes,3.86445,81559129,81559444,5.73001,81559040,81559574
Aes,2.01316,81561113,81561501,7.05537,81560833,81561553
Hcfc2,3.2678,82697442,82697786,5.98079,82698961,82699575
D10Wsu102e,3.09156,83361803,83362090,5.37779,83359828,83360429
Rfx4,2.83393,84897646,84897903,5.53251,84896924,84898051
BC030307;Hsp90b1,2.73129,86705577,86705867,10.0417,86704297,86706609
,2.44378,93041512,93041818,5.71853,93041490,93042365
Cdk17,2.96984,93178492,93178826,7.43134,93177947,93178250
Cradd,3.52131,95264847,95265208,4.08541,95261557,95262188
,3.32171,96370980,96371233,6.46478,96370979,96371327
,2.12483,98745555,98745890,8.39689,98744176,98744734
,3.71229,99461130,99461669,4.74251,99459762,99460413
Osbpl8,4.211,111214208,111214927,15.0125,111213619,111215436
Cnot2,3.82687,116569182,116569488,5.18751,116564760,116565006
Mdm1,3.5938,118083006,118083368,3.52858,118083007,118083294
Ifng;Tmevpg1,5.05102,118419081,118419516,11.6542,118419076,118419458
,3.51917,120616718,120617053,15.8032,120616410,120617226
Ppm1h,3.1624,122760805,122761127,3.62292,122756723,122757054
Osm,4.89498,4236146,4237015,10.4435,4235865,4238082
Lif,2.76506,4261387,4261641,4.94063,4261137,4262138
Lif,4.21434,4265920,4266641,6.01685,4265842,4266867
Lif,6.61259,4268285,4268962,6.54376,4268457,4269018
Hormad2;Gatsl3;Osm;Lif;Tbc1d10a,4.90618,4289147,4289631,3.55626,4289333,4289946
Mtmr3,10.0548,4497193,4497778,18.025,4497517,4498085
Ccdc117;Ankrd36;Znrf3;Xbp1,4.82295,5505885,5506330,3.75501,5505702,5506221
Peli1;Vps54,3.2187,21174409,21174749,5.43438,21172276,21172911
,2.81636,22693085,22693524,13.0875,22692629,22693637
Sptbn1,3.46481,30196170,30196563,8.23127,30195748,30198712
Mir6989;Itk,4.02976,46328212,46328624,5.33376,46326034,46327055
Mir6989,2.30003,46399150,46399574,3.85251,46395655,46397491
Ifi47;Olfr56,4.14299,49093830,49094091,8.0651,49089209,49090829
Tbc1d9b,3.09156,50134317,50134556,4.44584,50130978,50131603
Sar1b;0610009B22Rik;Sec24a;Jade2,3.2153,51760705,51761035,9.0654,51755547,51756934
Sar1b;Jade2;Cdkn2aipnl,3.09156,51883138,51883444,5.31025,51881041,51881363
Gm12216,3.77398,53794987,53795570,4.7221,53795131,53795558
Gm12216,4.12208,53839349,53840088,4.94063,53839860,53840336
Gm12216,3.1053,53859119,53859553,4.54501,53858829,53859582
Lyrm7os;Lyrm7;Gpx3;Cdc42se2;Hint1,4.12208,54808004,54808458,17.185,54807657,54808553
Larp1;Hand1,3.60682,57911807,57912075,7.41934,57911784,57912102
Rai1,3.44851,60115077,60115397,4.08188,60113695,60114060
Specc1,2.61519,62148380,62148835,7.07918,62148436,62149187
Zkscan6,2.34754,65807004,65807385,6.23164,65806614,65807491
Per1,3.07096,69098390,69098694,4.36646,69094593,69096328
Pfn1,2.01329,70653666,70653998,4.26726,70648820,70649420
Rap1gap2,2.41579,74556130,74556384,16.0209,74555738,74556540
Cluh,3.09156,74649054,74649357,11.1125,74649198,74650544
Smg6,6.18313,75154090,75154653,6.90788,75154083,75154455
Rpa1,2.38795,75337225,75337784,6.22206,75336438,75337539
Rph3al;1700016K19Rik;Vps53;Fam101b,4.37971,75976926,75977181,8.18652,75976740,75977256
1700020L24Rik;E230016K23Rik;Ccl5;Ccl9;Heatr9;Mmp28;Taf15;Ccl6,2.51675,83536675,83537183,6.58543,83534123,83535408
Vmp1;Mir8115;Rps6kb1;Rnft1;Mir467c;Tubd1;Mir21a,4.24307,86580586,86581132,8.77918,86577318,86577892
Mir8115,4.14299,86816120,86816463,3.66965,86811879,86812225
Tex14;Mir8115,4.35972,87422639,87423049,4.90971,87422620,87422878
Msi2,3.46481,88550711,88551172,6.42089,88550561,88551259
Fam117a,6.2965,95354240,95355813,12.6753,95352894,95357290
Mrpl10;Tbx21;Kpnb1;Mir8103;Mir7235;Lrrc46;Scrn2;Npepps;Osbpl7;Tbkbp1,2.51522,97126961,97127255,10.5822,97126846,97127352
Tbkbp1,4.21735,97143481,97143785,7.70501,97140781,97141245
Tcap;Erbb2;Pgap3;1700003D09Rik;Pnmt;Grb7;Stard3;Mien1;Ikzf3;Zpbp2,5.43156,98457909,98458409,8.89064,98457549,98458337
Zpbp2,2.81636,98550057,98550292,6.75518,98545084,98547172
Casc3;Gm12359,3.01643,98810039,98810274,11.0625,98809351,98810687
Rara,3.188,98945208,98945478,6.42085,98939325,98941211
Ccr7;Tns4;Igfbp4;Top2a,3.01919,99104863,99105273,10.8582,99104567,99105395
Ccr7;Smarce1;Igfbp4;Tns4,3.1053,99125163,99125599,5.62924,99124347,99125180
Klhl10;Nt5c3b,3.09156,100440777,100441099,12.2782,100440589,100441146
Dnajc7,2.41403,100588664,100589047,5.6429,100588673,100588967
Stat5b,3.36199,100819585,100819842,4.5602,100819358,100820218
Pitpnc1,5.22486,107393767,107394509,4.74251,107393723,107394099
Pitpnc1,2.5763,107440421,107440759,3.38751,107443493,107443965
Prkca,4.02435,108222833,108223422,6.09168,108222722,108223440
Rnf157,2.91908,116377074,116377432,4.84001,116377116,116377942
Rhbdf2,3.09156,116617556,116617973,5.92751,116615816,116616088
Sep-09,3.29268,117321793,117322065,4.15001,117316969,117317907
Tha1,3.56902,117871955,117872563,4.4448,117870938,117872678
Cyth1,3.34919,118200243,118200477,9.63127,118200209,118200916
Metrnl,5.86885,121706048,121706998,4.35061,121702563,121702804
,3.2678,16171647,16171886,5.43438,16171592,16171900
,3.60682,25306141,25306489,19.6943,25305844,25306509
,3.86445,26068488,26068860,7.65626,26068129,26068856
Tspan13,3.71229,36039698,36039941,9.42495,36039621,36040014
Heatr5a;Hectd1,4.12697,51847887,51848292,6.75001,51844866,51845518
Heatr5a;Hectd1,4.14299,51864910,51865389,6.02196,51865048,51865560
Cfl2,8.24417,54862663,54863322,6.1407,54862126,54863155
Prkch,4.42822,73604625,73605264,8.69252,73603617,73605596
Prkch;Hif1a,2.46033,73842171,73842424,11.5222,73842079,73842938
Snapc1;Hif1a,2.26439,73888134,73888502,19.95,73887854,73888502
Fntb,2.5763,76841574,76841815,6.02501,76837320,76838177
Max;Fntb,3.86445,76932571,76932867,4.86206,76932823,76933066
4933426M11Rik,2.61519,80792819,80793665,11.26,80790355,80793768
Sipa1l1,3.77072,82295143,82295464,15.6824,82294799,82295552
Fos;Tmed10,3.01753,85447094,85447402,3.81072,85446897,85447413
Irf2bpl,3.01753,86884662,86885033,4.40742,86882392,86882928
Ston2,2.83393,91766528,91766835,4.44688,91766273,91766608
1700064M15Rik,2.72235,99564124,99564412,6.91564,99559376,99560249
Gpr68,3.09156,100901287,100901735,7.65626,100898134,100899708
Gpr68,3.09156,100903852,100904136,5.37352,100901352,100902033
Ccdc88c,3.23605,101010810,101011301,4.69984,101008188,101008488
Trip11,2.81636,101897214,101897487,9.59544,101896931,101897638
Asb2,11.2293,103341066,103341573,15.8657,103341247,103341589
,3.51917,107047340,107047854,5.51867,107047211,107047520
,2.60346,107147010,107147268,5.26383,107146893,107147684
Bcl11b,2.5763,107976707,107976974,3.12917,107972121,107972493
Wdr25;Wars,6.95602,108893205,108893601,8.3875,108893139,108894424
Gpr132,2.95215,112861075,112861358,4.61042,112856804,112858118
Tmem121;4930427A07Rik;Tex22;Crip1;Mta1;Pacs2;Crip2,2.76759,113168075,113168312,3.9514,113167889,113168539
,2.61519,5666197,5666445,4.25536,5666137,5666871
Nid1;Lyst,3.2153,13571916,13572315,6.91501,13572115,13572803
Gm11346,3.52131,24604741,24605004,4.61042,24602863,24603874
Exoc2;Irf4,3.77072,30813258,30813750,4.77501,30812990,30814085
Serpinb9;Serpinb1b;Serpinb9b;Serpinb6b,3.2153,33001652,33002022,7.65626,33003478,33004915
Gcnt2,5.60633,40924006,40924308,4.94063,40922552,40922913
Nedd9,2.57216,41372821,41373082,3.93541,41372795,41373489
Nedd9,12.399,41381390,41382556,9.59544,41381110,41382041
Hivep1,3.2187,42051231,42051705,3.38751,42049543,42050446
Gfod1,5.24376,43268722,43269178,12.8396,43267643,43269226
Atxn1,2.83393,45693353,45693615,5.62924,45693351,45693756
Nup153;Kif13a;C78339;Cap2,3.34919,46736521,46736799,7.78082,46735430,46737288
Sema4d,2.13859,51754638,51755053,5.33501,51749752,51750763
Sema4d,3.36791,51767699,51768475,3.62223,51763096,51763623
Sema4d;Gadd45g,3.32711,51800541,51800832,4.82533,51798352,51798989
Rnf44,3.60682,54687781,54688163,18.1711,54686870,54688511
Pdlim7,2.76506,55513038,55513280,6.1407,55512850,55513545
A830009L08Rik,2.61519,91371111,91371382,4.93959,91370948,91371518
A630019I02Rik,2.30003,93094113,93094719,7.11251,93093310,93095097
Gcnt4;1700029F12Rik,3.65689,96956354,96956754,5.26266,96956091,96956731
Mrps36,3.82221,100744243,100744603,8.15658,100744231,100744734
,6.78697,101540424,101540723,14.3219,101540297,101540936
Srek1;Erbb2ip,3.34919,103777740,103778119,6.75518,103773578,103774817
Pde4d,3.60682,109230313,109230550,4.86206,109230316,109230690
Gzma;Mir449a;Mir449b;Mir449c;Gpx8;Cdc20b;Gzmk;Esm1,7.34333,113134840,113135177,5.59723,113134921,113135193
Ngly1,3.8387,16255997,16256300,5.40047,16251702,16252025
Saysd1;Gng2,4.37971,19993609,19994143,4.35061,19993406,19993647
Kcnk5,3.09156,20181574,20181809,5.00682,20177437,20178019
Camk2g,3.01643,20784978,20785308,7.65626,20784999,20786094
4930572O13Rik,6.75634,25161284,25162287,6.77323,25161177,25162276
Dennd6a,2.80733,26579658,26580330,5.80206,26579519,26580154
Arf4,3.52238,26637534,26638212,6.35377,26637921,26639431
Arhgef3,2.61519,27354409,27354714,4.15001,27351230,27351508
Arhgef3,2.73129,27402815,27403067,8.10002,27405039,27405716
Sh3bp5,3.34919,31430958,31431211,8.29751,31433066,31433691
Ankrd28,5.15506,31829710,31830117,12.6202,31829691,31831262
Ddhd1;Mir5131,3.60682,45656388,45656750,8.9537,45657626,45658416
Zfp219,2.11382,52022673,52023026,4.01251,52019756,52020679
Dad1;Olfr49;Abhd4,2.76843,54227429,54227780,10.6998,54222192,54223340
Dad1;Olfr49;Abhd4,5.12817,54230999,54231464,6.12376,54226894,54227995
Dad1;Olfr49;Abhd4,4.20727,54233117,54233568,3.88923,54231243,54231569
Khnyn;Cbln3,3.60682,55882232,55882621,14.8354,55882041,55882691
Atp8a2;Mir719;Nupl1,3.09156,60131800,60132051,3.39532,60129267,60129964
Pnoc;Fzd3;Fbxo16;Zfp395,3.09156,65330627,65330882,7.67506,65330707,65330972
Ppp3cc,2.83691,70271979,70272547,9.50627,70272139,70272905
1700108F19Rik,6.28423,76781587,76781870,11.8531,76781406,76781938
Akap11,4.42822,78437970,78438404,13.6713,78435865,78436619
Kbtbd7,2.51599,79426446,79426765,7.30876,79426366,79426889
Stk24,3.09156,121325115,121325535,7.41934,121324658,121325462
Dock9,2.81636,121797717,121798105,5.96462,121797489,121798640
5430437J10Rik,4.37971,5517491,5518111,6.91724,5512537,5512928
Fyb;C9,2.76506,6574721,6575036,3.36001,6573170,6573616
Fam134b,3.34919,25884477,25884719,5.88497,25884311,25885352
Snx31;Pabpc1,3.51917,36650080,36650354,6.39643,36648456,36648889
Ext1,2.83393,53157045,53157291,4.93929,53157077,53157553
Nsmce2,3.34919,59600293,59600881,3.36001,59596675,59596933
,3.01827,61408556,61409071,10.0417,61408355,61409214
,2.66169,61439804,61440275,5.73001,61441733,61442097
,4.30699,61546741,61547036,15.9068,61546402,61546934
Myc,2.51522,61987742,61988051,4.67929,61983094,61983485
Pvt1,3.34919,62092865,62093150,4.86206,62092442,62092851
,3.17019,62456636,62457194,3.08751,62456996,62457243
,2.8835,62807518,62808013,5.58727,62807424,62807994
Fam49b,3.09156,63972161,63972406,5.37352,63969278,63969559
Fam49b,4.02435,64023936,64024181,10.1889,64021730,64022921
Asap1,3.04128,64163817,64164106,9.17031,64163346,64163716
Tg;Sla,6.02869,66825302,66826009,4.62268,66825644,66826005
Ptk2,2.61519,73383483,73383757,5.13751,73380629,73380893
Arhgap39,2.13859,76757801,76758041,5.18595,76757652,76757989
Ncf4,3.62104,78248470,78248802,5.05941,78244743,78245030
Tmprss6,4.74381,78449073,78449624,3.91184,78448153,78448645
Tmprss6,3.04477,78450120,78450536,10.2063,78449254,78450652
Il2rb,4.52464,78494837,78495201,2.96429,78492056,78492583
Il2rb;Kctd17;C1qtnf6;Sstr3;Tmprss6;Mpst;Rac2;Tst;Cyth4,3.8387,78502675,78503047,5.51439,78502222,78502967
Apobec3;D730005E14Rik,5.01139,79894025,79894803,6.05001,79891580,79893848
D730005E14Rik,2.34849,79895520,79895946,6.06666,79894092,79894946
Grap2,2.61519,80594003,80594335,3.62292,80588722,80589525
Mkl1,3.3864,81104538,81104984,3.29376,81103949,81104203
Celsr1,3.34919,86016513,86016778,9.38439,86015997,86016487
Celsr1,3.86445,86028189,86028589,5.53251,86028130,86029092
Dennd6b,3.2153,89196186,89196482,6.44643,89196157,89196542
Pced1b,2.30003,97373407,97373666,3.70469,97372809,97374264
Hdac7,3.01753,97821105,97821513,3.82813,97821350,97822471
Mir1291;Kansl2;4930415O20Rik;Lalba;Snora34;Adcy6;Olfr282;9330020H09Rik;Snora2b;Olfr281;Olfr279;Ccnt1;1700031M16Rik,3.82221,98514225,98514469,4.34751,98514237,98514610
Dip2b,2.93902,100060740,100061002,9.42082,100060556,100061134
Letmd1,2.51522,100468718,100469064,8.39639,100468471,100469475
Scn8a;Slc4a8,3.34919,100845288,100845571,6.39643,100845137,100845670
Scn8a,5.15261,100905124,100905372,14.0683,100905079,100905492
6030408B16Rik;Acvr1b;Mir6962;Nr4a1;Atg101;AU021063;Grasp;Krt80;A330009N23Rik,5.23039,101258374,101259133,6.1407,101253830,101254205
Itgb7,3.01753,102225062,102225437,5.92709,102224715,102225597
Smug1;Copz1;Mir6963;Zfp385a;Mir148b;Hnrnpa1;Itga5;Gm5643;Nfe2;Gm10052;Cbx5;Gpr84,3.34919,103258388,103258623,7.16361,103258168,103258831
Nlrc3,4.37971,3976325,3976805,15.3469,3975315,3976926
Pam16,2.72235,4624535,4624863,8.15001,4624347,4624938
Tnp2;Clec16a;Prm1;Prm3;Prm2;Socs1;Rmi2,2.87293,10843809,10844429,14.4723,10843431,10844353
Litaf,4.12208,10969417,10969713,8.39689,10969408,10969775
2510002D24Rik,3.09156,18836597,18836907,4.86206,18836536,18836803
Bcl6,3.01643,23991090,23991429,4.83237,23988339,23988939
,3.72138,24151083,24152079,24.295,24150899,24152456
,7.37798,24153916,24154979,3.45834,24153916,24154512
Nrros,2.72235,32165468,32165709,5.37352,32160750,32161228
1700007L15Rik;Zfp148,3.41987,33380405,33380677,13.0875,33380210,33380993
Kpna1,2.5763,36036110,36036386,11.2552,36040827,36041698
Stfa3;Stfa2;Casr,4.42571,36476868,36477244,11.1068,36476848,36477244
Hcls1;Golgb1;4930565N06Rik;Polq;Fbxo40,2.76506,36983893,36984142,6.1407,36985675,36985958
Cox17,6.21061,38346544,38347079,3.73195,38346890,38347391
B4galt4,4.52464,38755653,38756366,5.11779,38755799,38756330
Cd200r3;Ccdc80,5.27875,45038681,45039017,19.95,45038513,45039261
Slc35a5;Ccdc80;Btla;Atg3,4.88757,45204480,45204757,14.075,45204376,45204788
Cblb,4.02191,52061063,52061534,6.17501,52060705,52061311
Cggbp1;4930453N24Rik;Htr1f;Zfp654,2.85388,64847320,64847576,2.76717,64850741,64851645
,2.81636,76679850,76680335,4.5351,76678852,76679457
Gm7334;Btg3,2.5763,78376882,78377133,6.71772,78375285,78376029
D16Ertd472e,3.2187,78577364,78577755,4.81563,78572767,78573525
Mir155;Mrpl39;Jam2;4930529L06Rik,3.34919,84703053,84703451,15.3469,84702597,84703747
Mir155,2.81636,84713006,84713368,10.47,84713046,84713859
Atp5j;Gabpa,2.76506,84834532,84834816,5.92751,84834322,84836105
Ifnar2;A930006K02Rik;Il10rb;Olig1,4.12208,91366623,91366979,4.09488,91365582,91366001
Il10rb,4.40853,91413225,91413494,4.83119,91413263,91413717
A930006K02Rik,3.2187,91464440,91464792,6.71772,91459400,91460118
Ifnar1;Dnajc28;Tmem50b;A930006K02Rik;Ifngr2;Gart,9.73047,91533087,91534413,3.95126,91533125,91534512
Gart;Son,3.09203,91645137,91645419,12.6316,91645685,91648161
Runx1,3.41626,92825669,92826124,4.93929,92821708,92822285
Zfp677;Zfp52;Zfp53;Zfp51;Zfp54;Zfp948,4.02599,21477461,21477942,8.16475,21474592,21475284
Grm4;Mir7218;Mir7217;Mir7216;Mir7214,4.86276,27323013,27323269,6.42085,27322901,27323293
Hmga1-rs1;Hmga1,2.95215,27556705,27556943,10.3149,27555147,27558631
Def6,2.96984,28223734,28223990,7.16251,28223484,28224486
Mir6969;Clpsl2;Clps;Mapk14;Slc26a8;Lhfpl5;Armc12;Srpk1,2.61519,28625384,28625641,6.09168,28621657,28622616
Srsf3,2.5763,29030968,29031259,5.06253,29031580,29034920
BC004004,2.41579,29280493,29281028,8.35456,29280257,29281063
Pim1;Pi16;BC004004;Mtch1;Fgd2,4.40853,29393901,29394617,5.18543,29393242,29394886
Pim1;Pi16;BC004004;Mtch1;Fgd2,4.5274,29395502,29395858,5.10418,29395331,29395823
Pim1,2.6829,29492568,29492857,6.14584,29489160,29490762
Tbc1d22b;Tbc1d22bos;Tmem217;Pim1,3.86445,29510503,29511004,8.44225,29506247,29506500
Tmem217,2.5763,29531566,29531917,7.41934,29531432,29532235
Btbd9,3.41987,30518857,30519249,12.2475,30518804,30519370
Abcg1,2.81636,31073512,31073774,6.65215,31073272,31074794
H2-K1,3.21732,34000312,34000849,7.07918,33998769,34000698
Mir6974;Lta,3.825,35205240,35205523,7.02362,35199860,35202294
Runx2,2.26439,44569681,44569965,5.35069,44566913,44567224
Cul9,3.09156,46546027,46546273,4.86206,46546029,46546325
Trem3;B430306N03Rik;Treml2;Nfya;Treml1;Trem1;Treml4;Trem2,3.85667,48293419,48294051,5.68126,48293553,48294045
Treml2,3.80232,48300043,48301206,3.14319,48298799,48299324
Trem3;Oard1;B430306N03Rik;Treml2;Apobec2;Nfya;Treml1;Trem1;Treml4;Trem2,2.51522,48332647,48333004,58.923,48332140,48333345
,2.18724,52163124,52163461,4.4827,52162476,52163303
,2.96984,52468222,52468541,5.13751,52468480,52468834
Zfp119b,3.04128,55944825,55945120,7.31001,55944773,55945467
Znrf4;Ptprs;Mir6977;Safb;Safb2;2410015M20Rik,3.01753,56507594,56508077,10.3149,56507162,56508113
Alkbh7,4.62688,56996960,56997248,5.13751,56997353,56997591
Xdh,4.63735,73952216,73952536,6.39643,73952113,73952467
Galm;Srsf7;Hnrnpll,2.85058,80112312,80113183,4.72811,80112659,80113068
Galm,11.1016,80173875,80175400,5.30353,80174416,80175355
Cdkl4;Map4k3;Sos1,2.76506,80521796,80522177,6.1407,80521745,80522137
Kcng3;Mta3,4.4145,83654927,83655267,5.20264,83654843,83655081
4933433H22Rik;Thada;Zfp36l2,2.1048,84183466,84183717,2.81154,84180869,84181136
Calm2,3.74311,87446503,87446775,4.86206,87444285,87444533
Gm4832;Fbxo11,3.41987,88112039,88112601,6.71751,88113398,88113781
Greb1l,3.60682,10532815,10533060,5.88497,10532572,10533418
,3.42515,14511142,14511536,12.84,14511043,14511721
4930455D15Rik;Wdr36,2.5763,32838900,32839140,11.5139,32837063,32837954
Hspa9;Egr1;Etf1;Kdm3b;Reep2;Fam53c,7.64441,34854244,34854757,4.93959,34854408,34854664
Nr3c1,2.68709,39518787,39519090,3.73413,39518759,39519157
Pabpc2,4.37971,39866601,39866990,5.62924,39866204,39866929
Tnfaip8,3.45249,50014446,50014753,8.4742,50014371,50014765
Zfp608,4.12208,54900414,54900652,7.67506,54900380,54900929
Zfp608,3.2187,54921769,54922280,7.41934,54922088,54922496
Mir466p,4.63735,65405649,65406034,5.62924,65405760,65406093
Ptpn2,3.86445,67699444,67699852,20.1256,67699338,67700036
Ptpn2,2.41403,67723959,67724248,6.54376,67723487,67725232
Hdhd2,2.72235,76944961,76945216,4.17084,76944001,76944449
,2.6829,79297506,79297774,7.25444,79294899,79295442
,3.01919,79303389,79303781,8.10002,79300705,79301321
Nfatc1,2.13859,80612179,80612527,2.96429,80609774,80610013
Galr1;Mbp,2.85058,82471994,82472294,6.75001,82471906,82472369
Mbp,5.02391,82525688,82526525,7.33751,82525837,82527177
Suv420h1;1810055G02Rik;Lrp5,3.34919,3731146,3731403,6.65215,3730996,3731700
Ctsw,2.5763,5467646,5467929,4.94001,5467131,5467761
Trmt112;Plcb3;Esrra;Mir6990;Kcnk4;Prdx5;Gpr137;Tex40;Mir5046;Bad;Rps6ka4;Ccdc88b,6.41577,6869053,6869863,2.96407,6869222,6869614
Cd5;A430093F15Rik,4.04115,10738930,10739313,3.58342,10736103,10736446
AW112010,5.69343,11052416,11053370,3.99395,11048445,11048836
4930526L06Rik;Ms4a4b;Ms4a4c;Ms4a7;Ms4a5;Ms4a1,5.01601,11355832,11356097,14.0338,11355613,11356361
Gm8369,3.75126,11505120,11505373,6.10426,11505031,11505548
Cd274,3.1053,29371580,29371842,9.32658,29367144,29368292
Stambpl1,2.95872,34192341,34192691,12.8393,34191949,34193433
Hectd2;1500017E21Rik;Pcgf5,3.09156,36538345,36538658,5.73001,36534163,36534566
March5;Cpeb3,3.34919,37207865,37208099,7.16361,37207297,37208041
Fra10ac1,3.01643,38223992,38224312,8.66103,38223623,38224398
Hif1an,2.6829,44562873,44563117,8.84073,44562722,44563256
Add3,2.83393,53141657,53141920,7.48106,53141500,53143105
Smndc1;Mxi1;5830416P10Rik,4.94973,53424587,53424973,3.06251,53421137,53421443
5830416P10Rik,2.34754,53441391,53441737,7.93079,53441182,53442147
5830416P10Rik,5.27875,53443218,53443628,7.40939,53443292,53443629
5830416P10Rik,3.8813,53461273,53461902,5.43334,53461082,53461829
5830416P10Rik,2.64179,53464878,53465130,5.33376,53464779,53465170
Dusp5,3.2678,53529116,53529357,9.67959,53528591,53531151
Dusp5,4.62688,53536666,53537108,5.26876,53536491,53537106
Pdcd4,3.01827,53889704,53890037,7.73751,53889471,53890063
Celf2,3.44095,6707207,6707465,2.96389,6704640,6705965
Prkcq,3.09156,11118887,11119173,4.74251,11118471,11119029
Prkcq,2.78719,11193040,11193311,6.68844,11192416,11193518
Prkcq,5.66787,11203055,11204408,7.19734,11203278,11204555
Il15ra;Il2ra;Pfkfb3;Rbm17,4.50628,11619770,11620288,27.2322,11616567,11617501
Pip4k2a,2.83393,18958301,18958605,10.9995,18957836,18959419
Rapgef1,3.2678,29661864,29662344,9.97661,29661859,29662488
Rapgef1,2.81636,29672262,29672594,5.75982,29670454,29670871
Fam102a;Ptges2;Naif1;Dpm2;Slc25a25;St6galnac4;Pip5kl1,3.52131,32493495,32493731,5.80314,32492576,32494151
Fam102a;Naif1;Dpm2;Slc25a25;St6galnac6;St6galnac4;Pip5kl1,7.54107,32509219,32509851,3.55751,32509226,32509636
Psmd5;Traf1;Cutal;Phf19;Hc,4.63909,34938745,34939129,5.36251,34938737,34939296
Traf1,3.25432,34963100,34963481,7.06673,34957794,34958955
Nek6,4.02435,38471652,38472450,17.3536,38471692,38472380
Arhgap15,3.47118,43753105,43753517,5.18595,43748211,43749216
Mir5129;Zeb2,3.34919,44977024,44977259,5.88497,44976974,44977478
Cytip,2.49515,58157281,58157545,7.53126,58155462,58162174
Dpp4,2.66169,62395046,62395316,6.52001,62390333,62390597
Cobll1,2.51522,65189249,65189618,4.9781,65188577,65189686
Stk39,3.09156,68469549,68469801,18.025,68465719,68466899
Myo3b,3.35363,70091474,70091767,16.084,70091078,70092310
Rbm45,3.09156,76369900,76370165,9.72088,76369886,76370342
Ssfa2,3.34919,79636513,79636749,5.25391,79635724,79636432
P2rx3,3.51917,85013784,85014318,5.68126,85013784,85014458
Abtb2,3.34919,103632139,103632601,4.23394,103632326,103632887
Rasgrp1,2.85058,117342799,117343314,5.66239,117338659,117340263
Rasgrp1,4.27327,117418621,117418909,5.53251,117416939,117419164
Capn3,3.01643,120499907,120500143,4.74251,120499773,120500523
Bloc1s6;Mir147;AA467197;Gatm;Spata5l1;Slc30a4,2.22932,122652395,122652646,35.7789,122651759,122653402
Bcl2l11,2.35125,128152945,128153218,8.8896,128152379,128153661
Gm14005,2.57216,128451519,128452078,6.47501,128451519,128452033
Gm14005,3.52131,128499686,128500018,13.8271,128499651,128500437
Mgme1;Snx5,2.61519,144269610,144269919,13.8279,144267408,144268406
Zfp133-ps,4.12208,144458898,144459265,4.09488,144459062,144459322
Tspyl3,3.09156,153224675,153224975,6.12501,153224433,153225547
Raly,3.21732,154793358,154793592,6.49108,154790683,154792773
a;Ahcy;Itch;2310005A03Rik,4.37971,155079351,155079648,7.17639,155073745,155074699
Itch,3.34919,155134929,155135303,4.09488,155133745,155133989
Trpc4ap,3.35363,155679677,155680165,4.11667,155679741,155680003
Gtsf1l;Mybl2;Ift52;Sgk2;Mir7003,2.96984,163103304,163103558,38.5151,163102978,163103755
Stk4,3.86445,164079429,164079760,7.01782,164073965,164079980
Sdc4,3.37388,164441286,164441541,5.71853,164441264,164441539
Ncoa3,13.3348,166029977,166032036,4.29852,166030135,166030602
Ncoa3,4.37971,166046085,166046431,4.09488,166045935,166046208
Prex1,2.34754,166630343,166630694,4.44501,166625434,166625800
,4.02435,167804656,167805282,4.44532,167804688,167805517
Nfatc2,2.83393,168588903,168589243,9.71252,168588835,168591244
Rbm38,3.34919,173019819,173020060,3.95209,173017792,173018240
Pck1;Ctcfl;Ctcflos;Spo11;Rae1;Rbm38,2.85058,173085899,173086412,3.12917,173082820,173083065
,4.63735,173409287,173409822,7.16361,173409089,173409822
Zgpat;Arfrp1,2.57164,181365060,181365306,10.7346,181364586,181366747
,3.18595,21911113,21911603,3.62292,21911212,21911520
Phc3,2.81636,30966144,30966484,32.9851,30965541,30966692
Spata5;Nudt6,2.85058,37419170,37419585,9.17145,37418841,37421730
Maml3,7.54567,51745128,51745398,8.32502,51744506,51745777
Foxo1,3.78452,52270423,52270686,3.16126,52267144,52268770
,3.34631,52555070,52555304,9.8771,52554890,52555752
P2ry12;Med12l,2.34754,59222164,59222444,15.605,59222036,59223194
Mbnl1,2.61243,60482916,60483216,7.11226,60475737,60479255
Trim59,2.8673,69041346,69041600,4.67041,69040257,69040723
Nmd3,3.2678,69722131,69722431,6.95753,69721807,69723357
Mnd1;Trim2;D930015E06Rik,3.34919,84066225,84066536,10.4435,84065646,84066340
Etv3,4.10226,87527463,87528453,7.41934,87525258,87526071
Etv3,3.99253,87529496,87529904,6.36925,87526908,87527382
Mir1905;Slc25a44;Rab25;Pmf1;Ubqln4;Ssr2;Mir7011;Sema4a;Lmna;Lamtor2;Mex3a,3.01919,88510099,88510369,12.8391,88509469,88510578
Mir1905;Slc25a44;Rab25;Arhgef2;Ubqln4;Ssr2;Mir7011;Sema4a;Lmna;Lamtor2;Mex3a,2.76506,88521898,88522161,14.8354,88521647,88522300
Rusc1,5.41024,89087633,89087910,5.88497,89087408,89088017
Fdps;Mir92b;Scamp3;Pklr;Fam189b;Hcn3;Gba;Thbs3;Efna1;Krtcap2;Rusc1;Mtx1;Trim46;Clk2;Dpm3;Muc1;Slc50a1,3.82221,89190388,89190645,7.61706,89187149,89190938
Chtop,2.81636,90503758,90504007,7.48106,90503704,90504488
Tnfaip8l2,3.50916,95142083,95142719,5.07329,95141443,95142743
Tars2;Adamtsl4;Golph3l;Ecm1;Mir7014;Rprd2;Ensa;Hormad1;Mcl1,2.13859,95669087,95669327,3.97256,95664188,95664435
Ankrd34a;Polr3gl,3.2678,96593759,96594159,5.43438,96593717,96594300
Gm5544,2.87902,97932040,97932327,5.18473,97930211,97930939
Notch2,4.37971,98012985,98013474,7.16251,98013143,98014088
Adora3;Rap1a;Gm5547,3.09156,105825466,105825708,6.17501,105825580,105826140
Dram2;2010016I18Rik;Cept1;Chil6;Dennd2d,3.01879,106464616,106464988,5.9268,106462092,106462920
Gpsm2,2.30003,108720145,108720432,4.94001,108718079,108718436
Prpf38b,3.60682,108910950,108911356,10.6675,108909184,108912048
S1pr1,3.01827,115758648,115758891,23.6375,115758323,115759207
Frrs1,2.41403,116861455,116861727,5.88497,116861450,116862118
Lef1,3.02472,131117188,131117473,20.6192,131110997,131118016
Lef1,3.86445,131139192,131139468,4.67041,131139207,131139939
Lef1,10.7316,131157115,131157811,6.45457,131154638,131155184
Lef1,2.5763,131162762,131163066,13.0676,131157255,131158825
Tet2;Ppa2,3.34919,133394577,133394892,5.37352,133391890,133392525
Nfkb1,5.81532,135665530,135666280,5.78573,135662548,135663015
Ppp3ca,2.61519,136725481,136725836,4.08541,136725364,136725871
,4.211,32126187,32126461,8.75487,32126674,32127277
,3.39658,32291587,32291835,14.109,32287730,32289206
Bach2,3.2153,32363615,32363890,3.38751,32363690,32364279
Zfp292,3.2678,34881280,34881644,3.71338,34881201,34883230
Dnaja1;Mir207;Smu1;Gm6297;Mir5123;B4galt1;Aptx,2.34754,40781741,40782096,5.78573,40777048,40777648
Gne,6.5356,44065542,44065926,8.9537,44065500,44066118
Coro2a,2.92842,46583877,46584284,3.04976,46584356,46584749
D630039A03Rik;Akap2,3.2187,57833651,57834210,5.22144,57833984,57834433
4933430I17Rik;Pole3,3.2678,62525146,62525398,17.6484,62524820,62525456
Rgs3,4.37971,62681515,62681815,12.5339,62681321,62681748
Akna,3.41626,63385585,63385854,5.94554,63385101,63386499
Akna,3.2187,63399069,63399403,8.16475,63398934,63399977
Ttc39b,3.77054,83315095,83315465,8.64377,83314453,83316449
Jun,3.14498,95107582,95107874,4.11667,95107036,95107821
Jak1,2.85058,101187437,101187684,3.10536,101182920,101183201
E130102H24Rik,3.51917,101357557,101358168,12.1,101356815,101357892
Pde4b,6.18313,102506255,102506749,12.7896,102506278,102507855
Sgip1,10.5628,102711743,102712061,26.7406,102711596,102712093
Mier1,2.87015,103121176,103121586,4.9781,103119611,103121276
Pik3r3,2.87561,116221267,116221560,8.67223,116220840,116222312
Guca2a;Guca2b;Hivep3,6.23623,119733561,119733847,3.55751,119733721,119734007
Ak2;Trim62;Rnf19b;Azin2,3.35499,128981228,128981554,7.68196,128980837,128982108
Ak2;Tmem54;Rnf19b;Hpca;Azin2,3.52131,129034778,129035206,5.68893,129032535,129033732
Zbtb8os;Rbbp4,3.34919,129336083,129336351,10.075,129334997,129336386
E330017L17Rik;Khdrbs1;Ptp4a2,2.13859,129811208,129811630,6.61014,129809779,129811615
Laptm5,2.51599,130921284,130921548,6.57461,130916297,130917311
Zdhhc18,2.61519,133632091,133632537,4.01113,133629089,133629343
Cd52;Dhdds;Hmgn2;Sh3bgrl3;Lin28a;Aim1l;Cep85;Ubxn11,3.2678,134047516,134047838,3.06251,134042987,134043301
Paqr7,2.41403,134495181,134495464,6.71751,134494997,134495837
Tmem57;Syf2;Rhd;Tmem50a;Rsrp1,3.21732,134918184,134918609,3.45782,134913300,134914293
Runx3,2.51522,135103606,135103853,5.23969,135102714,135103038
Runx3,5.27875,135108513,135108973,4.43142,135103811,135104070
Runx3;Clic4,3.60682,135206115,135206398,7.8971,135203321,135203565
Tceb3;E2f2;Rpl11;Pithd1;Id3,2.44378,136082087,136082343,4.28056,136081687,136082201
Gm13031;Atp13a2;Necap2;Crocc;Padi2;Mfap2;Sdhb,3.09156,140983617,140983862,5.03905,140986815,140987149
Tnfrsf8,2.61519,145312632,145312946,7.40835,145315086,145315471
Tnfrsf8;Tnfrsf1b,2.58754,145342080,145342408,4.07981,145338583,145338839
Gm572;Tardbp;Masp2;Srm,3.58475,148683856,148684105,15.109,148683478,148684132
Spsb1;Slc25a33,3.34919,149856382,149856697,5.11779,149854332,149854666
Spsb1;H6pd,3.99253,149880106,149880561,7.35166,149880068,149880522
Acot7,4.27327,152188684,152189072,4.72453,152188774,152189507
Ski,2.95215,155162613,155162879,5.26876,155162491,155162913
Ski,3.01643,155178364,155178852,6.52001,155178044,155178726
Ccdc146,2.0135,21411570,21412079,10.4684,21410841,21412290
Zfp512,3.34919,31453877,31454156,5.06251,31452313,31452668
Rbks;Bre,5.70348,31697229,31698044,6.42001,31697411,31698728
Zfyve28,3.2678,34196537,34196886,5.60533,34196536,34196827
Sh3bp2,3.09156,34547168,34547448,4.7221,34543878,34544265
Jakmip1,4.37971,37066989,37067805,11.3594,37066895,37067794
Tmem128,3.2678,38260216,38260584,4.94001,38260201,38260680
,5.03044,53402758,53403267,15.3084,53402041,53403061
Rbpj,2.76617,53588779,53589184,6.13813,53588300,53590228
Stim2;Tbc1d19,3.38599,53995264,53995551,3.51251,53995215,53995726
Dthd1,4.70251,62858212,62858803,5.63001,62858148,62858846
5830416I19Rik;Pgm1;Tbc1d1,3.18595,64149713,64149970,5.31025,64149543,64149968
Gm3716,3.01827,64651259,64651720,5.43334,64651320,64651702
Cnga1,3.01827,72635051,72635335,12.9486,72634561,72636656
Paics;Ppat,3.34919,76951383,76951627,39.3853,76949855,76952354
Shroom3,2.83393,92964014,92964320,8.9537,92961771,92962172
Sep-11,3.29358,93094369,93094720,9.0654,93092751,93093488
Anxa3;Fras1,3.61721,96878761,96879040,7.58788,96878857,96879130
Hpse;Plac8;Lin54;Cops4;Coq2,2.72172,100585038,100585385,5.22453,100584910,100585497
Gbp6,2.83393,105293243,105293523,4.33212,105291692,105292052
Rpap2,5.46257,107648709,107649338,15.4978,107645732,107646576
Rpap2,2.89853,107649670,107649949,3.25503,107647913,107648292
Rpap2,2.44378,107650357,107650625,19.2028,107648703,107649475
Gfi1,5.32148,107725504,107726218,18.5167,107723677,107726316
Fam69a,3.50539,107960901,107961156,4.60633,107958857,107959158
Tpst2;1700028D13Rik;Hps4;Gm6583;Tfip11;Miat;Crybb1;Srrd;Cryba4,3.434,112272698,112273099,4.82918,112270682,112271867
Tpst2,2.82487,112273950,112274219,13.4515,112272739,112274490
Coq5,3.21732,115279281,115279535,12.7896,115279276,115280191
Fbxw8,3.51917,118082156,118082561,4.34751,118082167,118082530
Atxn2,5.15261,121710976,121711467,7.41934,121710978,121711492
Anapc5,3.12271,122820968,122821264,11.3584,122820661,122821678
Vps37b,3.01879,124034474,124034797,8.49502,124028417,124032522
Arl6ip4;Ogfod2;Mir7032;Ccdc62;Vps37b;Pitpnm2;Abcb9;Hip1r,5.66787,124036211,124036655,7.05989,124034371,124034942
Rilpl2,3.16254,124475334,124475697,7.9021,124474989,124475986
Fam101a;Zfp664;Ccdc92;Ncor2,3.2678,124954045,124954344,17.975,124952948,124953476
Fam101a;Zfp664;Ccdc92;Ncor2,4.24966,124954722,124954963,5.48751,124954610,124955120
Ran,3.60682,129021769,129022103,4.31024,129019507,129021950
Pom121,3.27522,135394696,135394932,9.11582,135393951,135394965
Chst12;Grifin;Iqce;Ttyh3;Lfng;Brat1,3.95978,140616359,140617169,7.61966,140616044,140618159
Spdyb;4930448H16Rik;Rbak;Rbakdn;Rnf216;4933411G11Rik,4.94973,143132797,143133167,3.12917,143132786,143133147
Tecpr1,4.02505,144221466,144221735,5.22144,144221306,144222503
2210417A02Rik;Katnal1,3.51917,148820079,148820669,12.0224,148820383,148820834
Prrt4;Impdh1;Hilpda;Fam71f1;Fam71f2;Rbm28,2.83393,29247199,29247529,8.69797,29247174,29247483
Lincpint,4.63735,31126301,31126761,29.6282,31124980,31127584
Lincpint,3.86445,31216547,31216791,8.14845,31215662,31218883
Zc3hav1,6.87494,38320787,38321312,9.21877,38320734,38321154
Mir1950,2.5763,40818967,40819211,7.16361,40818422,40818736
Prss1;Trpv5;Prss2;Ephb6;Trpv6,3.27078,41554421,41554663,14.0041,41554355,41555267
Gimap3;Gimap7;Gimap1;Gimap8;Gimap9;Gimap4;Gimap5;Gimap6;Repin1;Zfp775;Gm5111;AI854703,9.91889,48679607,48680420,4.28126,48675806,48676573
Gimap3;Gimap7;Gimap1;Gimap8;Gimap9;Gimap4;Gimap5;Gimap6;Repin1;Zfp775;Gm5111;AI854703,2.71776,48681564,48682012,5.50358,48679290,48680369
Gimap3;Gimap8;Gimap9;Gimap4;Gimap5;Gimap6;Gimap7;Gimap1;AI854703,4.23379,48725533,48725780,7.92577,48723259,48724073
Gimap3;Gimap8;Gimap9;Gimap4;Gimap5;Gimap6;Gimap7;Gimap1;AI854703,6.41577,48732662,48733381,8.10002,48727577,48728418
Tra2a,3.09156,49263008,49263422,6.91564,49263027,49264158
Nod1,2.8835,54956029,54956370,5.15769,54955978,54956800
Vopp1,3.01643,57824512,57824757,4.60633,57823271,57823600
Cd8a;Cd8b1;Mir8112;Krcc1;Rmnd5a,2.39019,71369542,71369870,4.74612,71373471,71373929
Dguok,2.5763,83502233,83502591,4.31962,83504921,83505182
Prokr1;Aplf;Arhgap25,2.81339,87541391,87541714,3.73195,87541038,87541591
Prokr1;Aplf;Arhgap25,2.41403,87542040,87542299,13.3334,87541917,87542673
Mgll,3.81817,88757038,88757348,6.42089,88756993,88757310
Grip2;Slc6a6,3.46481,91679159,91679417,4.34751,91678872,91679173
Frmd4b,3.99253,97294221,97294496,14.0528,97293931,97294615
,2.36815,98597370,98597665,8.46609,98597197,98598092
Foxp1,3.34919,99028640,99028879,7.46251,99025352,99026563
Foxp1,3.19881,99258086,99258350,14.0104,99260787,99262275
Foxp1,2.8835,99336610,99337018,9.87814,99340676,99341235
Foxp1,3.02858,99432697,99433101,4.74612,99428765,99429031
Rad52,3.41987,119908226,119908643,3.95313,119908251,119908542
Grcc10;Ptpn6,2.92889,124741009,124741502,8.32502,124740338,124741812
9330179D12Rik,2.95215,127154806,127155147,5.89346,127149472,127151065
Clec2i;BC035044,3.01434,128889290,128889851,4.14876,128887178,128887441
Clec12b;Clec12a;Clec2d;4922502D21Rik;2310001H17Rik;Cd69,2.73129,129284629,129285087,4.81563,129284176,129285165
Arhgdib,2.87902,136941378,136941690,3.55626,136936568,136939178
Etnk1;C2cd5,2.79583,143114779,143115439,6.49108,143114730,143115754
Bcat1,2.85058,144901974,144902353,12.5572,144901974,144903428
Hspbp1,3.77072,4674479,4674991,5.44155,4674224,4674823
Zfp865,3.01753,5020308,5020697,4.59449,5014467,5015940
Lig1,17.7742,13302406,13303309,6.42085,13302868,13303149
Ccdc9,4.89498,16286426,16286810,3.36001,16285644,16285979
Irf2bp1,2.83393,19001367,19001668,7.41934,19000249,19002056
Dmwd,3.01919,19077863,19078100,4.54501,19075856,19076315
Vasp,4.37971,19266032,19266376,6.25626,19266030,19266750
Bcl3,2.58754,19817433,19817726,4.51608,19815958,19816849
Bcl3,4.45475,19824214,19824457,4.76172,19822480,19822765
Pvr,2.83393,19920797,19921072,6.90788,19920605,19921069
Kcnn4,2.28783,24369694,24370085,11.0054,24369503,24370783
Kcnn4,4.89498,24379970,24380378,7.16361,24380060,24380517
Irgq;Lypd5;Pinlyp;Plaur;Smg9;Irgc1;Kcnn4;Xrcc1;Cadm4;Zfp428,4.63735,24450482,24450802,6.65215,24450491,24450845
Dedd2,6.14192,25205221,25205961,3.33438,25205093,25206550
Gm19897,2.74128,28780801,28781301,10.0055,28780258,28781757
Hcst,2.69119,30417932,30418240,7.56432,30417729,30418564
Zbtb32,4.37971,30593560,30593824,5.22144,30587962,30589554
Klf13;E030018B13Rik,3.52131,63973357,63973678,4.9429,63974244,63974538
Klf13;E030018B13Rik,5.22486,63984239,63984956,5.06472,63985587,63985831
Lrrk1;Chsy1,5.43156,66233222,66233532,7.40939,66228265,66229180
Akap13,4.69508,75572245,75572677,12.275,75571803,75573057
Klhl25;Akap13,3.01753,75797412,75798165,19.85,75795056,75797368
Klhl25,2.8835,75881487,75881834,8.80912,75880916,75882007
Isg20,2.5763,78910979,78911217,4.09488,78912379,78912618
Sema4b,2.58754,80209512,80210129,4.08373,80205306,80205577
2610206C17Rik,3.09156,84689558,84689874,7.67506,84689433,84690118
Lrrc32;Gucy2d,3.37388,98489152,98489740,4.08373,98489094,98489374
2210018M11Rik;Lrrc32;Gucy2d,3.73755,98564718,98565072,5.73001,98563000,98563314
Prkrir,2.75424,98706965,98707204,7.24561,98702454,98704636
Map6,2.5763,99314825,99315104,5.73001,99311438,99312078
Ucp2,2.34754,100494751,100495116,10.865,100492688,100496272
Art2b,13.8193,101580903,101581555,5.10418,101580942,101581321
Gm15133;Trim12a;Trim12c;Trim30b;Trim34a;Trim34b;Trim6,5.47982,104290686,104290987,5.05941,104287435,104287796
Gm15133;Trim12a;Trim12c;Trim30b;Trim34a;Trim34b;Trim6,3.20507,104291844,104292138,5.54607,104291813,104292169
Rras2,4.12208,114081720,114082100,6.90788,114081366,114082099
Rras2,3.01643,114117781,114118015,5.92751,114115011,114116465
Copb1;Psma1;Rras2,2.46033,114171417,114171975,8.34777,114168422,114168859
Smg1;4930583K01Rik,4.12208,118276764,118277107,4.28126,118275032,118275506
Iqck;Knop1,4.45631,118855317,118855948,5.70695,118854954,118856162
Ubfd1;Ears2,3.60682,122067179,122067428,15.8025,122065777,122067824
Kdm8;Il21r;Nsmce1;Il4ra,10.0548,125511198,125512027,7.90251,125511449,125511886
Il4ra,2.12483,125554297,125554533,9.58313,125551719,125556731
Gtf3c1;Il21r;Il4ra,3.39658,125593055,125593410,5.37779,125588824,125589079
Il21r,3.09156,125603064,125603498,4.79924,125601484,125601910
Il21r,3.62104,125607437,125607824,15.4075,125603051,125608682
Ypel3,3.34919,126776680,126777012,6.32251,126776530,126777294
Tbx6,4.63735,126780114,126780457,4.20001,126777690,126778014
Tacc2;Btbd16;Plekha1;Mir7061,3.62104,130828160,130828884,13.5813,130828057,130829021
Ptpre,4.63735,135588685,135588937,10.9995,135588684,135589162
Ptpre,5.03132,135591483,135591835,5.36251,135591548,135591796
Olfr525,3.90518,140320937,140321644,9.25939,140320660,140321838
Tspan32,2.41403,143005065,143005318,4.09177,143005616,143005916
Tspan32,5.897,143009958,143010196,4.54501,143008250,143008864
A430078G23Rik,3.60682,3354377,3354741,9.31252,3352745,3355942
Rab20;Cars2;Col4a2;Carkd,2.58754,11452816,11453370,3.71685,11452683,11453015
Rab20,4.35972,11463537,11464577,9.20943,11464044,11464521
Mir7065;Adprhl1;Tmco3;Grtp1;Cul4a;Dcun1d2;Lamp1;Mir1968,19.2473,13213308,13214155,13.4313,13213244,13214010
Rasa3,5.61319,13600225,13600606,6.02653,13600223,13600604
Rasa3,3.01434,13674912,13675149,20.8665,13674311,13678030
Kbtbd11,2.58754,15026948,15027369,7.70501,15026860,15027962
Kbtbd11,2.61519,15030765,15031082,3.95954,15029167,15029806
Plekha2,2.83393,25068123,25068483,15.6026,25067473,25068612
Pomk,2.83393,25993045,25993335,3.10536,25994021,25994362
Gtf2e2;Gsr;Tex15;Ppp2cb;Ubxn8;Smim18,4.37971,33646818,33647055,7.39338,33641513,33642420
Mfhas1,3.34919,35627982,35628637,5.11779,35628175,35628468
Mfhas1,4.91283,35634012,35634275,4.28126,35633586,35634298
Irf2;Gm16675,2.92908,46739342,46739631,10.8094,46738508,46740511
Tmem192;Klhl2,3.60682,64871427,64871841,4.64547,64871510,64872139
Jund,2.79583,70695334,70695603,5.9264,70695150,70695673
Mpv17l2,4.02435,70761119,70761423,5.08037,70760559,70761288
Rab8a;Ap1m1;Cib3;Klf2;Eps15l1;Hsh2d;Fam32a,6.11516,72277364,72277616,3.62292,72272505,72273102
Rab8a;Ap1m1;Cib3;Klf2;Eps15l1;Hsh2d;Fam32a,4.52878,72278934,72279516,5.92751,72277347,72277610
Ap1m1;Calr3;Klf2;Eps15l1,7.92536,72330933,72331719,20.6178,72330955,72331739
Eps15l1,5.11146,72354065,72354635,4.79822,72351185,72351763
Zfp827,3.54693,79030857,79031162,3.3454,79028673,79028928
Cd97,7.63659,83739128,83740251,6.63216,83739868,83742834
Ier2,4.04115,84661074,84661406,3.66965,84659768,84660236
Adcy7,2.95215,88290102,88290611,5.33376,88288616,88289327
Nod2,3.34919,88668499,88668737,3.82813,88668463,88668884
Chd9,3.34919,90887112,90887499,7.67506,90886750,90887638
Fbxl8;Tradd,2.58754,105264680,105265013,7.70501,105264170,105265840
Nfatc3,3.1215,106058838,106059090,3.69135,106054279,106054733
Wwox,2.83393,115400187,115400511,13.3773,115397833,115398606
Cdyl2,2.30003,116635927,116636459,5.43334,116635231,116636565
Mlycd;Mbtps1;Osgin1;Slc38a8;Necab2;Hsbp1,29.2786,119423639,119424246,8.59433,119423804,119424115
Wfdc1;Atp2c2;Klhl36;Cotl1;Tldc1,2.87504,119783619,119784179,5.43334,119783898,119784771
Cotl1,4.77601,119811981,119812394,5.13751,119811741,119812253
1190005I06Rik;Irf8;Cox4i1;Emc8,5.78149,120715207,120715624,8.69797,120715330,120716731
1190005I06Rik;Irf8;Cox4i1;Emc8,2.44378,120725872,120726319,5.58727,120725227,120725885
Rnf166;Il17c;Piezo1;Gm20735;9330133O14Rik;Ctu2;Cyba;Mvd;Snai3;Zc3h18,4.89498,122463981,122464624,4.34626,122459523,122460731
Trappc2l;Pabpn1l;Acsf3;Galns;Cbfa2t3;Mir6396,2.51645,122702039,122702537,20.1903,122701044,122703000
Ankrd11,4.35865,123034152,123034834,6.58543,123032202,123033231
Irf2bp2,3.18595,126584433,126584676,4.09488,126582976,126583217
Rbm34;Tomm20,2.21447,126847607,126848249,10.7542,126846963,126848869
Rbm34;Tomm20,4.74381,126867321,126867916,45.709,126867091,126868488
,2.2681,14092822,14093188,5.60533,14087954,14088251
Panx1,2.51522,15045582,15045826,6.12501,15044403,15045757
Raver1;Mir7082;Zglp1;S1pr5;Cdc37;Keap1;Fdx1l;Mir7667;Pde4a;Raver1-fdx1l;Tyk2,4.63735,21161156,21161532,9.38439,21161276,21161928
Slc44a2,2.87902,21327641,21328020,6.9139,21327576,21328776
Slc44a2,4.4145,21328349,21328802,4.37501,21332033,21332978
Gm7904,7.72891,21609860,21610550,7.67506,21609857,21610163
Sorl1,2.01316,42097144,42097413,5.36251,42097172,42098086
Thy1,3.34919,44041348,44041665,4.26726,44039865,44040376
Cd3d,2.51522,44986419,44986938,7.09818,44980880,44983298
Pstpip1,3.86445,56089520,56089839,4.20001,56089136,56089446
Hmg20a,2.89339,56465172,56465468,16.6657,56465023,56465552
Trcg1;Ppcdc;1700017B05Rik;4930430J02Rik,3.14416,57339767,57340041,15.8014,57339447,57340361
Sema7a,2.30003,57956669,57957136,6.9146,57956453,57957313
Ccdc33;Ubl7;Cyp11a1;Sema7a;Gm16130,4.11634,57968546,57969049,3.51251,57968483,57969103
Ccdc33;Ubl7;Cyp11a1;Sema7a;Gm16130,2.73405,57972341,57972869,3.06251,57971983,57972878
Gm5122,2.92842,60999045,60999385,15.1728,60998718,60999492
B930092H01Rik;I730028E13Rik,7.98654,61215912,61216641,13.3011,61216102,61216534
,3.58475,61702474,61702737,9.59721,61702180,61702822
Smad3,4.22454,63716053,63716443,7.8823,63719680,63722716
Parp16;Cilp;Igdcc3;Igdcc4;Clpx,3.97705,65196686,65197005,4.79924,65196737,65197007
Usp3,3.60252,66589473,66589945,8.52033,66584865,66585597
Elovl5,3.34919,77909686,77910164,5.6797,77910411,77912275
,2.61519,85119386,85119654,3.85527,85119661,85120671
Me1,2.83393,86617682,86618012,10.2323,86617737,86618188
Cyb5r4,4.62688,87021964,87022289,6.42085,87021780,87022280
Nt5e,3.86445,88327547,88328184,5.71851,88327344,88327890
Nt5e,3.86445,88357268,88357598,6.39643,88357253,88357559
Slc9a9,3.35363,95072468,95072945,6.52001,95072340,95072844
Pls1,2.76506,95832475,95832761,10.3719,95832840,95833096
Atp1b3,4.32657,96364358,96364762,4.34751,96361935,96362218
Nudt16,3.35363,105131579,105131896,5.73001,105131373,105131852
Dock3;Cish;Cacna2d2;Hemk1;Mapkapk3;6430571L13Rik,4.20961,107312883,107313313,5.03905,107308069,107308352
Hemk1,7.44868,107333537,107335092,5.26806,107333693,107335149
Azi2,4.19204,118040579,118040940,6.69446,118040250,118041310
Eomes;4933432G23Rik;Golga4,3.2678,118488234,118488484,4.94001,118487675,118488977
Cx3cr1;Rpsa;Ccr8;Mobp;Slc25a38;Snora62,3.09156,120133287,120133538,6.58543,120127684,120129155
Sec22c;Lyzl4os;Zfp651;Lyzl4;Nktr;Vipr1;E530011L22Rik;Deb1,2.61519,121675183,121675419,7.19734,121675052,121675439
Zfp445,2.53041,122865267,122865522,7.5558,122865407,122866021
Ccr5,2.61519,124120316,124120550,11.1644,124121145,124122046
Otud5,2.73129,7865516,7865842,5.92709,7865463,7866222
Elf4,2.85058,48433366,48433990,3.62292,48433540,48433995
Gm8817,2.76506,167037783,167038094,6.71751,167037854,167038134
