,2.83393,3905425,3905659,2.42949,150865508,150866003
St18,3.34919,6504058,6504383,2.42949,150865508,150866003
Sgk3,3.58948,9883006,9883295,2.42949,150865508,150866003
Pkhd1,3.34919,20275499,20275770,2.42949,150865508,150866003
,3.34919,27496399,27496657,2.42949,150865508,150866003
Kansl3;Mir6898;Fer1l5;Arid5a;Neurl3;Uggt1,2.71776,36296836,36297567,2.42949,150865508,150866003
Zap70,4.02191,36766770,36767073,2.42949,150865508,150866003
Il18r1,3.34919,40465550,40465807,2.42949,150865508,150866003
Il18r1,3.05835,40475819,40476260,2.42949,150865508,150866003
Nck2,3.34919,43496424,43496714,2.42949,150865508,150866003
Nck2,2.26439,43562416,43562659,2.42949,150865508,150866003
Tmeff2,2.83393,51111991,51112316,2.42949,150865508,150866003
Nabp1,3.37388,51572541,51572807,2.42949,150865508,150866003
,5.86885,51585006,51585292,2.42949,150865508,150866003
Stat4,3.68266,52009141,52009376,2.42949,150865508,150866003
Stat4,2.76759,52011399,52012073,2.42949,150865508,150866003
Pms1,3.09156,53201607,53201896,2.42949,150865508,150866003
Stk17b,2.7472,53784875,53785167,2.42949,150865508,150866003
Hecw2,3.60682,53889478,53889760,2.42949,150865508,150866003
Ankrd44,2.6829,54913565,54914006,2.42949,150865508,150866003
Aox2,4.02435,58300900,58301397,2.42949,150865508,150866003
Casp8,2.82278,58796157,58796395,2.42949,150865508,150866003
Abi2,3.21732,60475640,60475912,2.42949,150865508,150866003
Cd28,2.81339,60702586,60703144,2.42949,150865508,150866003
Klf7;Mir6899;Gm13749;Mir1958,2.87075,64000661,64000900,2.42949,150865508,150866003
Ikzf2,2.76506,69573730,69574043,2.42949,150865508,150866003
Ikzf2,2.5763,69726528,69726848,2.42949,150865508,150866003
Arpc2,2.51522,74239149,74239631,2.42949,150865508,150866003
Arpc2,3.86445,74248642,74248923,2.42949,150865508,150866003
Wdfy1,2.13859,79751339,79751692,2.42949,150865508,150866003
1700016L21Rik;Dock10;Cul3,3.34919,80438532,80438903,2.42949,150865508,150866003
Tm4sf20;Mff;Agfg1,2.51522,82832881,82833134,2.42949,150865508,150866003
Dis3l2,3.04128,86885097,86885346,2.42949,150865508,150866003
Dgkd,3.40567,87877750,87878150,2.42949,150865508,150866003
Glrp1;Gm19589,3.01643,88578475,88578779,2.42949,150865508,150866003
Glrp1;Gm19589,2.81636,88584354,88584845,2.42949,150865508,150866003
Glrp1;Gm19589,3.52131,88587388,88587684,2.42949,150865508,150866003
2410088K16Rik;Gm19589;Arl4c,3.85667,88654874,88655160,2.42949,150865508,150866003
Lrrfip1,3.09156,91093351,91093736,2.42949,150865508,150866003
Ramp1,2.76759,91193163,91193512,2.42949,150865508,150866003
Ilkap,2.81636,91398540,91398793,2.42949,150865508,150866003
,3.09156,94953112,94953380,2.42949,150865508,150866003
,4.27327,98263181,98263422,2.42949,150865508,150866003
,2.76506,101445332,101445610,2.42949,150865508,150866003
,3.09156,101595536,101595791,2.42949,150865508,150866003
,3.07669,101905656,101905909,2.42949,150865508,150866003
Zcchc2,3.0916,105981005,105981502,2.42949,150865508,150866003
Phlpp1,6.32603,106321190,106321703,2.42949,150865508,150866003
Bcl2,2.83393,106697473,106697808,2.42949,150865508,150866003
Cntnap5a,2.83393,115596946,115597220,2.42949,150865508,150866003
Dpp10,2.76506,123324433,123324689,2.42949,150865508,150866003
Mcm6,3.16301,128359353,128359598,2.42949,150865508,150866003
,2.6829,128766841,128767389,2.42949,150865508,150866003
Nav1;Csrp1,2.6829,135659645,135659922,2.42949,150865508,150866003
Gpr25;Camsap2;5730559C18Rik;Kif21b,5.78149,136255271,136255584,2.42949,150865508,150866003
Kif14;Zfp281,2.87015,136578257,136578551,2.42949,150865508,150866003
Mir181b-1;Mir181a-1,3.34919,137885525,137885804,2.42949,150865508,150866003
Atp6v1g3;Ptprc,4.02976,138190077,138190491,2.42949,150865508,150866003
Atp6v1g3;Ptprc,3.46481,138191833,138192310,2.42949,150865508,150866003
,2.72235,141666602,141666851,2.42949,150865508,150866003
,3.34919,141694480,141694909,2.42949,150865508,150866003
,3.86445,142358510,142358782,2.42949,150865508,150866003
,2.76506,142399039,142399319,2.42949,150865508,150866003
1700025G04Rik,3.27522,151894018,151894286,2.42949,150865508,150866003
1700025G04Rik,2.81842,152008985,152009230,2.42949,150865508,150866003
Nmnat2,3.09156,153080315,153080693,2.42949,150865508,150866003
Nmnat2,2.26439,153085332,153085756,2.42949,150865508,150866003
4930523C07Rik;Tnr,3.10933,159953174,159953510,2.42949,150865508,150866003
Suco;Fasl,4.19204,161779163,161779402,2.42949,150865508,150866003
Sell,4.28097,164078269,164078552,2.42949,150865508,150866003
Selp,8.15102,164135222,164136960,2.42949,150865508,150866003
Cd244;Slamf7;Itln1;Ly9;Cd48,4.02191,171627934,171628231,2.42949,150865508,150866003
Enah;Lbr,3.18595,181860519,181861226,2.42949,150865508,150866003
Ppp2r5a;Tmem206;Dtl,3.09156,191446237,191446570,2.42949,150865508,150866003
,2.83393,193975275,193975814,2.42949,150865508,150866003
Oprm1;Ipcef1,3.09156,6905970,6906265,2.42949,150865508,150866003
Zc3h12d,2.95215,7832074,7832582,2.42949,150865508,150866003
Hivep2,2.51645,13964782,13965021,2.42949,150865508,150866003
Hivep2,8.04675,13982890,13983551,2.42949,150865508,150866003
Ifngr1,3.52131,19494515,19494852,2.42949,150865508,150866003
Ifngr1,3.38599,19506102,19506340,2.42949,150865508,150866003
Il22ra2;Ifngr1,3.35363,19529806,19530175,2.42949,150865508,150866003
Il22ra2;Ifngr1,2.36815,19577834,19578115,2.42949,150865508,150866003
Ifngr1,2.44378,19597855,19598376,2.42949,150865508,150866003
Ahi1,4.02191,20865139,20865468,2.42949,150865508,150866003
Stx7,2.81636,24149278,24149599,2.42949,150865508,150866003
Ptprk,3.52604,28593935,28594579,2.42949,150865508,150866003
Tspyl4;Dse;Tspyl1;Nt5dc1,3.34919,34256641,34256946,2.42949,150865508,150866003
,3.09156,36157906,36158184,2.42949,150865508,150866003
Fyn,4.02338,39486419,39487077,2.42949,150865508,150866003
Rev3l,2.83393,39830248,39830548,2.42949,150865508,150866003
Rpf2;Slc16a10;Gtf3c6,3.48498,40163515,40163821,2.42949,150865508,150866003
Sesn1;Cep57l1,3.1053,41809369,41809604,2.42949,150865508,150866003
Mir1929;Prdm1;Atg5,4.19204,44403481,44403831,2.42949,150865508,150866003
D030045P18Rik,3.60682,45822349,45822634,2.42949,150865508,150866003
,3.09156,48060307,48060549,2.42949,150865508,150866003
Ddit4,3.01643,59953830,59954149,2.42949,150865508,150866003
Cdh23,2.11382,60381375,60381645,2.42949,150865508,150866003
Jmjd1c,3.2678,67243022,67243293,2.42949,150865508,150866003
Rtkn2;Arid5b,2.83393,68054789,68055046,2.42949,150865508,150866003
Specc1l,2.76506,75303727,75303965,2.42949,150865508,150866003
Gm5134,3.50916,75978395,75978687,2.42949,150865508,150866003
Pttg1ip;Itgb2;Sumo3;Gm17769;Fam207a,3.68899,77520609,77520930,2.42949,150865508,150866003
Arid3a;Bc1,3.18595,79937094,79937780,2.42949,150865508,150866003
Tmem259,3.45005,79985122,79985445,2.42949,150865508,150866003
Csnk1g2,3.51917,80622783,80623123,2.42949,150865508,150866003
Aes,2.01316,81561113,81561501,2.42949,150865508,150866003
Hcfc2,3.2678,82697442,82697786,2.42949,150865508,150866003
D10Wsu102e,3.09156,83361803,83362090,2.42949,150865508,150866003
Rfx4,2.83393,84897646,84897903,2.42949,150865508,150866003
BC030307;Hsp90b1,2.73129,86705577,86705867,2.42949,150865508,150866003
Anks1b,3.86445,90295182,90295429,2.42949,150865508,150866003
Cdk17,2.96984,93178492,93178826,2.42949,150865508,150866003
Cradd,3.34919,95180490,95180773,2.42949,150865508,150866003
Cradd,3.52131,95264847,95265208,2.42949,150865508,150866003
,3.32171,96370980,96371233,2.42949,150865508,150866003
,3.34919,98124606,98124861,2.42949,150865508,150866003
,2.12483,98745555,98745890,2.42949,150865508,150866003
,3.71229,99461130,99461669,2.42949,150865508,150866003
1700017N19Rik;4930430F08Rik,3.01643,100590524,100590838,2.42949,150865508,150866003
Mgat4c,2.80733,102264830,102265103,2.42949,150865508,150866003
Nav3,3.09156,109756919,109757219,2.42949,150865508,150866003
Osbpl8,4.211,111214208,111214927,2.42949,150865508,150866003
,3.60682,113981075,113981357,2.42949,150865508,150866003
Cnot2,3.82687,116569182,116569488,2.42949,150865508,150866003
Mdm1,3.5938,118083006,118083368,2.42949,150865508,150866003
Ifng;Tmevpg1,5.05102,118419081,118419516,2.42949,150865508,150866003
Grip1,2.41403,119675603,119675843,2.42949,150865508,150866003
,3.51917,120616718,120617053,2.42949,150865508,150866003
Ppm1h,3.1624,122760805,122761127,2.42949,150865508,150866003
Fam19a2,3.09156,123637843,123638252,2.42949,150865508,150866003
,2.5763,124223720,124223969,2.42949,150865508,150866003
,2.83393,124236782,124237094,2.42949,150865508,150866003
Sarnp,2.83393,128845766,128846013,2.42949,150865508,150866003
Olfr772;Olfr9;Olfr770;Olfr765;Olfr767;Olfr771;Olfr763;Olfr769;Olfr768,3.01643,129085355,129085610,2.42949,150865508,150866003
Olfr820,2.5763,130014903,130015245,2.42949,150865508,150866003
Olfr822,3.09156,130072109,130072371,2.42949,150865508,150866003
Osm,4.89498,4236146,4237015,2.42949,150865508,150866003
Lif,2.76506,4261387,4261641,2.42949,150865508,150866003
Lif,6.61259,4268285,4268962,2.42949,150865508,150866003
Hormad2;Gatsl3;Osm;Lif;Tbc1d10a,4.90618,4289147,4289631,2.42949,150865508,150866003
Mtmr3,10.0548,4497193,4497778,2.42949,150865508,150866003
Ccdc117;Ankrd36;Znrf3;Xbp1,4.82295,5505885,5506330,2.42949,150865508,150866003
,3.09156,13470002,13470243,2.42949,150865508,150866003
Spred2,4.02435,19987060,19987781,2.42949,150865508,150866003
Spred2,6.28423,19989237,19989710,2.42949,150865508,150866003
Peli1;Vps54,3.2187,21174409,21174749,2.42949,150865508,150866003
,2.81636,22693085,22693524,2.42949,150865508,150866003
1700034F02Rik,3.09156,29576994,29577247,2.42949,150865508,150866003
Sptbn1,3.46481,30196170,30196563,2.42949,150865508,150866003
Dock2;Spdl1,3.34919,34795928,34796219,2.42949,150865508,150866003
Mir6989;Itk,4.02976,46328212,46328624,2.42949,150865508,150866003
Mir6989,2.30003,46399150,46399574,2.42949,150865508,150866003
,2.83393,48232066,48232460,2.42949,150865508,150866003
Ifi47;Olfr56,4.14299,49093830,49094091,2.42949,150865508,150866003
Tbc1d9b,3.09156,50134317,50134556,2.42949,150865508,150866003
Sar1b;0610009B22Rik;Sec24a;Jade2,3.2153,51760705,51761035,2.42949,150865508,150866003
Sar1b;Jade2;Cdkn2aipnl,3.09156,51883138,51883444,2.42949,150865508,150866003
Olfr1371,2.41403,52211288,52211626,2.42949,150865508,150866003
Gm12216,3.77398,53794987,53795570,2.42949,150865508,150866003
Gm12216,4.12208,53839349,53840088,2.42949,150865508,150866003
Gm12216,3.1053,53859119,53859553,2.42949,150865508,150866003
Lyrm7os;Lyrm7;Gpx3;Cdc42se2;Hint1,4.12208,54808004,54808458,2.42949,150865508,150866003
Lyrm7,2.41148,54844824,54845163,2.42949,150865508,150866003
Larp1;Hand1,3.60682,57911807,57912075,2.42949,150865508,150866003
Rai1,3.44851,60115077,60115397,2.42949,150865508,150866003
Specc1,2.61519,62148380,62148835,2.42949,150865508,150866003
,2.5763,63649070,63649394,2.42949,150865508,150866003
Cox10,3.86445,64037701,64038012,2.42949,150865508,150866003
Zkscan6,2.34754,65807004,65807385,2.42949,150865508,150866003
Per1,3.07096,69098390,69098694,2.42949,150865508,150866003
Pfn1,2.01329,70653666,70653998,2.42949,150865508,150866003
Rap1gap2,2.41579,74556130,74556384,2.42949,150865508,150866003
Cluh,3.09156,74649054,74649357,2.42949,150865508,150866003
Rpa1,2.38795,75337225,75337784,2.42949,150865508,150866003
Fam101b,3.50916,76026343,76026719,2.42949,150865508,150866003
Unc119,2.57339,78345694,78346315,2.42949,150865508,150866003
Ksr1,2.51522,79060024,79060297,2.42949,150865508,150866003
1700020L24Rik;E230016K23Rik;Ccl5;Ccl9;Heatr9;Mmp28;Taf15;Ccl6,2.51675,83536675,83537183,2.42949,150865508,150866003
Vmp1;Mir8115;Rps6kb1;Rnft1;Mir467c;Tubd1;Mir21a,4.24307,86580586,86581132,2.42949,150865508,150866003
Mir8115,4.14299,86816120,86816463,2.42949,150865508,150866003
Tex14;Mir8115,4.35972,87422639,87423049,2.42949,150865508,150866003
Tex14;Mir8115,3.36791,87461988,87462285,2.42949,150865508,150866003
Cuedc1,3.34919,88161944,88162292,2.42949,150865508,150866003
Msi2,3.46481,88550711,88551172,2.42949,150865508,150866003
B4galnt2,2.51522,95907794,95908063,2.42949,150865508,150866003
Mrpl10;Tbx21;Kpnb1;Mir8103;Mir7235;Lrrc46;Scrn2;Npepps;Osbpl7;Tbkbp1,2.51522,97126961,97127255,2.42949,150865508,150866003
Tbkbp1,4.21735,97143481,97143785,2.42949,150865508,150866003
Zpbp2,2.81636,98550057,98550292,2.42949,150865508,150866003
Casc3;Gm12359,3.01643,98810039,98810274,2.42949,150865508,150866003
Rara,3.188,98945208,98945478,2.42949,150865508,150866003
Ccr7;Tns4;Igfbp4;Top2a,3.01919,99104863,99105273,2.42949,150865508,150866003
Ccr7;Smarce1;Igfbp4;Tns4,3.1053,99125163,99125599,2.42949,150865508,150866003
Klhl10;Nt5c3b,3.09156,100440777,100441099,2.42949,150865508,150866003
Dnajc7,2.41403,100588664,100589047,2.42949,150865508,150866003
Stat5b,3.36199,100819585,100819842,2.42949,150865508,150866003
Tanc2,3.09156,105609909,105610364,2.42949,150865508,150866003
Pecam1,4.0508,106688346,106688674,2.42949,150865508,150866003
Pitpnc1,5.22486,107393767,107394509,2.42949,150865508,150866003
Pitpnc1,2.5763,107440421,107440759,2.42949,150865508,150866003
Prkca,4.02435,108222833,108223422,2.42949,150865508,150866003
Rgs9,2.83393,109261722,109261994,2.42949,150865508,150866003
Rnf157,2.91908,116377074,116377432,2.42949,150865508,150866003
Rhbdf2,3.09156,116617556,116617973,2.42949,150865508,150866003
Sep-09,3.29268,117321793,117322065,2.42949,150865508,150866003
Cyth1,3.34919,118200243,118200477,2.42949,150865508,150866003
Metrnl;Tbcd;B3gntl1,2.76506,121697199,121697472,2.42949,150865508,150866003
Dnmt3a,4.211,3855959,3856333,2.42949,150865508,150866003
,3.34919,9185835,9186088,2.42949,150865508,150866003
Fam49a,3.09156,12167960,12168285,2.42949,150865508,150866003
4921511I17Rik,3.34919,12386195,12386436,2.42949,150865508,150866003
Mycn,3.77054,12862910,12863299,2.42949,150865508,150866003
,3.2678,16171647,16171886,2.42949,150865508,150866003
,3.60682,25306141,25306489,2.42949,150865508,150866003
,3.86445,26068488,26068860,2.42949,150865508,150866003
Rnf144a,3.07096,26401518,26401767,2.42949,150865508,150866003
Bcap29,2.80733,31609299,31609656,2.42949,150865508,150866003
Tspan13,3.71229,36039698,36039941,2.42949,150865508,150866003
Dock4,2.83393,40580240,40580538,2.42949,150865508,150866003
Mir5125,2.83393,48185688,48185924,2.42949,150865508,150866003
Heatr5a;Hectd1,4.12697,51847887,51848292,2.42949,150865508,150866003
Heatr5a;Hectd1,4.14299,51864910,51865389,2.42949,150865508,150866003
Snx6,3.09156,54772965,54773214,2.42949,150865508,150866003
Gm19990;Mbip,2.83393,56361103,56361450,2.42949,150865508,150866003
Prkch,4.42822,73604625,73605264,2.42949,150865508,150866003
Prkch;Hif1a,2.46033,73842171,73842424,2.42949,150865508,150866003
Snapc1;Hif1a,2.26439,73888134,73888502,2.42949,150865508,150866003
Fntb,2.5763,76841574,76841815,2.42949,150865508,150866003
Fntb,4.63735,76848355,76848773,2.42949,150865508,150866003
Max;Fntb,3.86445,76932571,76932867,2.42949,150865508,150866003
Max,6.20421,77056927,77057279,2.42949,150865508,150866003
Mpp5,2.83393,78795713,78795974,2.42949,150865508,150866003
4933426M11Rik,2.61519,80792819,80793665,2.42949,150865508,150866003
Sipa1l1,3.77072,82295143,82295464,2.42949,150865508,150866003
Fos;Tmed10,3.01753,85447094,85447402,2.42949,150865508,150866003
Irf2bpl,3.01753,86884662,86885033,2.42949,150865508,150866003
Ston2,2.83393,91766528,91766835,2.42949,150865508,150866003
1700064M15Rik,2.72235,99564124,99564412,2.42949,150865508,150866003
Gpr68,3.09156,100901287,100901735,2.42949,150865508,150866003
Gpr68,3.09156,100903852,100904136,2.42949,150865508,150866003
Ccdc88c,3.23605,101010810,101011301,2.42949,150865508,150866003
Trip11,2.81636,101897214,101897487,2.42949,150865508,150866003
Rin3,2.83393,102332447,102332701,2.42949,150865508,150866003
Asb2,11.2293,103341066,103341573,2.42949,150865508,150866003
,3.51917,107047340,107047854,2.42949,150865508,150866003
,2.60346,107147010,107147268,2.42949,150865508,150866003
Bcl11b,2.5763,107976707,107976974,2.42949,150865508,150866003
Gpr132,2.95215,112861075,112861358,2.42949,150865508,150866003
Tmem121;4930427A07Rik;Tex22;Crip1;Mta1;Pacs2;Crip2,2.76759,113168075,113168312,2.42949,150865508,150866003
Vipr2,4.47332,116145319,116145838,2.42949,150865508,150866003
Rapgef5,2.83393,117741662,117741902,2.42949,150865508,150866003
,3.34919,3336541,3336879,2.42949,150865508,150866003
Akr1e1,2.41403,4709040,4709358,2.42949,150865508,150866003
,2.61519,5666197,5666445,2.42949,150865508,150866003
Nid1;Lyst,3.2153,13571916,13572315,2.42949,150865508,150866003
Arid4b,2.5763,14185785,14186053,2.42949,150865508,150866003
Vps41,3.01643,18626608,18626842,2.42949,150865508,150866003
Olfr1366;Olfr1364;Olfr1362;Olfr1361;Nkapl;Olfr1535;Zfp389;Zkscan4;Zkscan8;Olfr11,2.66169,21564604,21564845,2.42949,150865508,150866003
Gm11346,3.52131,24604741,24605004,2.42949,150865508,150866003
Exoc2;Irf4,3.77072,30813258,30813750,2.42949,150865508,150866003
Serpinb9;Serpinb1b;Serpinb9b;Serpinb6b,3.2153,33001652,33002022,2.42949,150865508,150866003
Gcnt2,5.60633,40924006,40924308,2.42949,150865508,150866003
Nedd9,2.57216,41372821,41373082,2.42949,150865508,150866003
Nedd9,2.74128,41383658,41383945,2.42949,150865508,150866003
Hivep1,3.2187,42051231,42051705,2.42949,150865508,150866003
Gfod1,5.24376,43268722,43269178,2.42949,150865508,150866003
A330076C08Rik,3.09156,44247203,44247479,2.42949,150865508,150866003
,2.8835,45156813,45157079,2.42949,150865508,150866003
Atxn1,2.83393,45693353,45693615,2.42949,150865508,150866003
Nup153;Kif13a;C78339;Cap2,3.34919,46736521,46736799,2.42949,150865508,150866003
Cks2;Sema4d;Secisbp2;Shc3,3.09156,51634125,51634371,2.42949,150865508,150866003
Sema4d,2.13859,51754638,51755053,2.42949,150865508,150866003
Sema4d,3.36791,51767699,51768475,2.42949,150865508,150866003
Sema4d;Gadd45g,3.32711,51800541,51800832,2.42949,150865508,150866003
Rnf44,3.60682,54687781,54688163,2.42949,150865508,150866003
Pdlim7,2.76506,55513038,55513280,2.42949,150865508,150866003
Cntnap3,2.83393,64885530,64885790,2.42949,150865508,150866003
2410141K09Rik,3.3864,66337168,66337485,2.42949,150865508,150866003
2410141K09Rik,3.05771,66382281,66382529,2.42949,150865508,150866003
Slc6a3,3.60682,73549360,73549622,2.42949,150865508,150866003
Cast,2.83393,74762324,74762735,2.42949,150865508,150866003
9330111N05Rik;5430425K12Rik;Arrdc3,2.5763,80930648,80930912,2.42949,150865508,150866003
,3.09156,84869014,84869291,2.42949,150865508,150866003
A830009L08Rik,2.61519,91371111,91371382,2.42949,150865508,150866003
Msh3,3.34919,92244790,92245046,2.42949,150865508,150866003
A630019I02Rik,2.30003,93094113,93094719,2.42949,150865508,150866003
Gcnt4;1700029F12Rik,3.65689,96956354,96956754,2.42949,150865508,150866003
Fam169a;Gcnt4;1700029F12Rik,3.60682,96995348,96995592,2.42949,150865508,150866003
Arhgef28,2.5763,97906363,97906666,2.42949,150865508,150866003
Mrps36,3.82221,100744243,100744603,2.42949,150865508,150866003
,2.85058,101532947,101533630,2.42949,150865508,150866003
,6.78697,101540424,101540723,2.42949,150865508,150866003
Srek1;Erbb2ip,3.34919,103777740,103778119,2.42949,150865508,150866003
Adamts6,3.01643,104351467,104351780,2.42949,150865508,150866003
Adamts6,3.09156,104530617,104530851,2.42949,150865508,150866003
Cwc27;Adamts6,4.62688,104574180,104574661,2.42949,150865508,150866003
,3.09156,105606722,105606998,2.42949,150865508,150866003
Pde4d,3.60682,109230313,109230550,2.42949,150865508,150866003
Mir1904;Rab3c;Pde4d,2.83393,109975621,109975883,2.42949,150865508,150866003
Gpbp1,2.72235,111448757,111448992,2.42949,150865508,150866003
Gzma;Mir449a;Mir449b;Mir449c;Gpx8;Cdc20b;Gzmk;Esm1,7.34333,113134840,113135177,2.42949,150865508,150866003
,3.34919,115221511,115221864,2.42949,150865508,150866003
Emb,3.16254,117284171,117284510,2.42949,150865508,150866003
1700003P14Rik,2.96984,118584872,118585144,2.42949,150865508,150866003
Paip1,2.5763,119436210,119436473,2.42949,150865508,150866003
,2.41403,16112934,16113170,2.42949,150865508,150866003
Ngly1,3.8387,16255997,16256300,2.42949,150865508,150866003
,2.76506,17387111,17387403,2.42949,150865508,150866003
Nr1d2,3.09156,18161206,18161445,2.42949,150865508,150866003
Saysd1;Gng2,4.37971,19993609,19994143,2.42949,150865508,150866003
Kcnk5,3.09156,20181574,20181809,2.42949,150865508,150866003
Camk2g,3.01643,20784978,20785308,2.42949,150865508,150866003
4930572O13Rik,6.75634,25161284,25162287,2.42949,150865508,150866003
Arf4,3.52238,26637534,26638212,2.42949,150865508,150866003
Arhgef3,2.61519,27354409,27354714,2.42949,150865508,150866003
Arhgef3,2.73129,27402815,27403067,2.42949,150865508,150866003
Sh3bp5,3.34919,31430958,31431211,2.42949,150865508,150866003
Ankrd28,5.15506,31829710,31830117,2.42949,150865508,150866003
,2.83393,40336688,40337144,2.42949,150865508,150866003
,2.83393,41306114,41306394,2.42949,150865508,150866003
Ddhd1;Mir5131,3.60682,45656388,45656750,2.42949,150865508,150866003
Zfp219,2.11382,52022673,52023026,2.42949,150865508,150866003
Dad1;Olfr49;Abhd4,2.76843,54227429,54227780,2.42949,150865508,150866003
Dad1;Olfr49;Abhd4,5.12817,54230999,54231464,2.42949,150865508,150866003
Dad1;Olfr49;Abhd4,4.20727,54233117,54233568,2.42949,150865508,150866003
Khnyn;Cbln3,3.60682,55882232,55882621,2.42949,150865508,150866003
Atp8a2;Mir719;Nupl1,3.09156,60131800,60132051,2.42949,150865508,150866003
Pnoc;Fzd3;Fbxo16;Zfp395,3.09156,65330627,65330882,2.42949,150865508,150866003
Ppp3cc,2.83691,70271979,70272547,2.42949,150865508,150866003
1700108F19Rik,3.60682,76783186,76783432,2.42949,150865508,150866003
Akap11,4.42822,78437970,78438404,2.42949,150865508,150866003
Kbtbd7,2.51599,79426446,79426765,2.42949,150865508,150866003
,3.86445,82216751,82216989,2.42949,150865508,150866003
Pcdh9,2.5763,93363902,93364139,2.42949,150865508,150866003
Trim52,2.83393,106198479,106198738,2.42949,150865508,150866003
,3.2678,107329096,107329384,2.42949,150865508,150866003
Slitrk1,2.83393,108944949,108945191,2.42949,150865508,150866003
,2.83393,109016817,109017177,2.42949,150865508,150866003
Farp1,2.83393,121199443,121199689,2.42949,150865508,150866003
Stk24,3.09156,121325115,121325535,2.42949,150865508,150866003
Plcxd3;C6,2.83393,4659542,4659793,2.42949,150865508,150866003
Mroh2b;C6,5.60633,4816510,4817108,2.42949,150865508,150866003
5430437J10Rik,4.37971,5517491,5518111,2.42949,150865508,150866003
Fyb;C9,2.76506,6574721,6575036,2.42949,150865508,150866003
,3.34919,20961377,20961810,2.42949,150865508,150866003
Fam134b,3.34919,25884477,25884719,2.42949,150865508,150866003
,2.83393,27270546,27270882,2.42949,150865508,150866003
Snx31;Pabpc1;Ankrd46,2.76506,36562560,36562905,2.42949,150865508,150866003
,2.83393,46148555,46148849,2.42949,150865508,150866003
4930523O13Rik,3.09156,46461965,46462266,2.42949,150865508,150866003
Csmd3,2.83393,48531104,48531443,2.42949,150865508,150866003
Ext1,2.83393,53157045,53157291,2.42949,150865508,150866003
,3.09156,56532520,56532884,2.42949,150865508,150866003
Fbxo32,3.09156,58198564,58198869,2.42949,150865508,150866003
Nsmce2,3.34919,59600293,59600881,2.42949,150865508,150866003
,3.01827,61408556,61409071,2.42949,150865508,150866003
,2.66169,61439804,61440275,2.42949,150865508,150866003
,4.30699,61546741,61547036,2.42949,150865508,150866003
Myc,2.51522,61987742,61988051,2.42949,150865508,150866003
Pvt1,3.34919,62092865,62093150,2.42949,150865508,150866003
Pvt1,3.23605,62181185,62181676,2.42949,150865508,150866003
,3.17019,62456636,62457194,2.42949,150865508,150866003
,2.8835,62807518,62808013,2.42949,150865508,150866003
Fam49b,3.09156,63972161,63972406,2.42949,150865508,150866003
Fam49b,4.02435,64023936,64024181,2.42949,150865508,150866003
Asap1,3.04128,64163817,64164106,2.42949,150865508,150866003
Asap1,3.35499,64205697,64206005,2.42949,150865508,150866003
Hhla1;Efr3a;Oc90;Kcnq3,3.34919,65914946,65915309,2.42949,150865508,150866003
Ptk2,2.61519,73383483,73383757,2.42949,150865508,150866003
Arhgap39,2.13859,76757801,76758041,2.42949,150865508,150866003
Tmprss6,3.04477,78450120,78450536,2.42949,150865508,150866003
Il2rb,4.52464,78494837,78495201,2.42949,150865508,150866003
Il2rb;Kctd17;C1qtnf6;Sstr3;Tmprss6;Mpst;Rac2;Tst;Cyth4,3.8387,78502675,78503047,2.42949,150865508,150866003
Apobec3;D730005E14Rik,5.01139,79894025,79894803,2.42949,150865508,150866003
D730005E14Rik,2.34849,79895520,79895946,2.42949,150865508,150866003
Grap2,2.61519,80594003,80594335,2.42949,150865508,150866003
Mkl1,3.3864,81104538,81104984,2.42949,150865508,150866003
Ep300,3.27522,81596578,81596818,2.42949,150865508,150866003
Celsr1,3.34919,86016513,86016778,2.42949,150865508,150866003
Celsr1,3.86445,86028189,86028589,2.42949,150865508,150866003
Dennd6b,3.2153,89196186,89196482,2.42949,150865508,150866003
Dbx2;Nell2,2.83393,95531721,95532117,2.42949,150865508,150866003
Pced1b,2.30003,97373407,97373666,2.42949,150865508,150866003
Hdac7,3.01753,97821105,97821513,2.42949,150865508,150866003
Mir1291;Kansl2;4930415O20Rik;Lalba;Snora34;Adcy6;Olfr282;9330020H09Rik;Snora2b;Olfr281;Olfr279;Ccnt1;1700031M16Rik,3.82221,98514225,98514469,2.42949,150865508,150866003
Dip2b,2.93902,100060740,100061002,2.42949,150865508,150866003
Scn8a;Slc4a8,3.34919,100845288,100845571,2.42949,150865508,150866003
Scn8a,5.15261,100905124,100905372,2.42949,150865508,150866003
6030408B16Rik;Acvr1b;Mir6962;Nr4a1;Atg101;AU021063;Grasp;Krt80;A330009N23Rik,5.23039,101258374,101259133,2.42949,150865508,150866003
Itgb7,3.01753,102225062,102225437,2.42949,150865508,150866003
Smug1;Copz1;Mir6963;Zfp385a;Mir148b;Hnrnpa1;Itga5;Gm5643;Nfe2;Gm10052;Cbx5;Gpr84,3.34919,103258388,103258623,2.42949,150865508,150866003
Nlrc3,4.37971,3976325,3976805,2.42949,150865508,150866003
Pam16,2.72235,4624535,4624863,2.42949,150865508,150866003
Tnp2;Clec16a;Prm1;Prm3;Prm2;Socs1;Rmi2,2.87293,10843809,10844429,2.42949,150865508,150866003
Litaf,4.12208,10969417,10969713,2.42949,150865508,150866003
Med15,3.34919,17694834,17695074,2.42949,150865508,150866003
2510002D24Rik,3.09156,18836597,18836907,2.42949,150865508,150866003
Vps8,3.82221,21530832,21531218,2.42949,150865508,150866003
St6gal1,2.61243,23328380,23328619,2.42949,150865508,150866003
Bcl6,3.01643,23991090,23991429,2.42949,150865508,150866003
,7.37798,24153916,24154979,2.42949,150865508,150866003
Il1rap;Cldn16;Tmem207,3.86445,26497174,26497797,2.42949,150865508,150866003
Atp13a5,2.83393,29323520,29323769,2.42949,150865508,150866003
Nrros,2.72235,32165468,32165709,2.42949,150865508,150866003
1700007L15Rik;Zfp148;Snx4,4.89498,33370644,33371107,2.42949,150865508,150866003
1700007L15Rik;Zfp148,3.41987,33380405,33380677,2.42949,150865508,150866003
Kpna1,2.5763,36036110,36036386,2.42949,150865508,150866003
Stfa3;Stfa2;Casr,4.42571,36476868,36477244,2.42949,150865508,150866003
Eaf2;Iqcb1,3.00462,36838808,36839185,2.42949,150865508,150866003
Hcls1;Golgb1;4930565N06Rik;Polq;Fbxo40,2.76506,36983893,36984142,2.42949,150865508,150866003
Cox17,6.21061,38346544,38347079,2.42949,150865508,150866003
B4galt4,4.52464,38755653,38756366,2.42949,150865508,150866003
Drd3,4.12208,43801920,43802263,2.42949,150865508,150866003
Cd200r3;Ccdc80,5.27875,45038681,45039017,2.42949,150865508,150866003
,3.34919,48090124,48090481,2.42949,150865508,150866003
Cd47,3.34919,49887345,49887592,2.42949,150865508,150866003
,3.09156,51629584,51629842,2.42949,150865508,150866003
,2.35125,51807322,51807785,2.42949,150865508,150866003
Cblb,4.02191,52061063,52061534,2.42949,150865508,150866003
,4.69699,55583011,55583305,2.42949,150865508,150866003
Filip1l;Cmss1,3.01434,57434486,57434745,2.42949,150865508,150866003
Crybg3,2.5763,59534913,59535172,2.42949,150865508,150866003
Cggbp1;4930453N24Rik;Zfp654,3.34919,64823671,64823955,2.42949,150865508,150866003
Cggbp1;4930453N24Rik;Htr1f;Zfp654,2.85388,64847320,64847576,2.42949,150865508,150866003
Vgll3,2.83393,65940253,65940540,2.42949,150865508,150866003
Speer2,3.60682,69894917,69895222,2.42949,150865508,150866003
,2.83393,71492061,71492421,2.42949,150865508,150866003
Robo1,2.5763,72566824,72567125,2.42949,150865508,150866003
Samsn1,2.66169,75958776,75959027,2.42949,150865508,150866003
,2.81636,76679850,76680335,2.42949,150865508,150866003
,6.03506,76694997,76695384,2.42949,150865508,150866003
2810055G20Rik;Mir125b-2;Mirlet7c-1;Mir99a,2.83393,77575425,77575698,2.42949,150865508,150866003
Gm7334;Btg3,2.5763,78376882,78377133,2.42949,150865508,150866003
D16Ertd472e,3.2187,78577364,78577755,2.42949,150865508,150866003
,2.83393,79543104,79543339,2.42949,150865508,150866003
Mir155;Mrpl39;Jam2;4930529L06Rik,3.34919,84703053,84703451,2.42949,150865508,150866003
Mir155,2.81636,84713006,84713368,2.42949,150865508,150866003
Atp5j;Gabpa,2.76506,84834532,84834816,2.42949,150865508,150866003
,3.86445,85353781,85354045,2.42949,150865508,150866003
Cct8,2.83393,87487503,87487737,2.42949,150865508,150866003
Ifnar2;A930006K02Rik;Il10rb;Olig1,4.12208,91366623,91366979,2.42949,150865508,150866003
Il10rb,4.40853,91413225,91413494,2.42949,150865508,150866003
A930006K02Rik,3.2187,91464440,91464792,2.42949,150865508,150866003
Ifnar1;Dnajc28;Tmem50b;A930006K02Rik;Ifngr2;Gart,9.73047,91533087,91534413,2.42949,150865508,150866003
Gart;Son,3.09203,91645137,91645419,2.42949,150865508,150866003
Runx1,3.41626,92825669,92826124,2.42949,150865508,150866003
Dyrk1a,2.83393,94610878,94611205,2.42949,150865508,150866003
Chd1;4933401D09Rik;Pdcd2;Prdm9,2.83393,15619573,15619888,2.42949,150865508,150866003
Lnpep;Vmn2r90,2.5763,17660272,17660537,2.42949,150865508,150866003
Vmn2r97,2.5763,18816659,18816949,2.42949,150865508,150866003
Fpr-rs6;Vmn2r105;Vmn2r106,3.09156,20194097,20194350,2.42949,150865508,150866003
Vmn1r234,3.09156,21137661,21137909,2.42949,150865508,150866003
Zfp677;Zfp52;Zfp53;Zfp51;Zfp54;Zfp948,4.02599,21477461,21477942,2.42949,150865508,150866003
Grm4;Mir7218;Mir7217;Mir7216;Mir7214,4.86276,27323013,27323269,2.42949,150865508,150866003
Hmga1-rs1;Hmga1,2.95215,27556705,27556943,2.42949,150865508,150866003
Def6,2.96984,28223734,28223990,2.42949,150865508,150866003
Mir6969;Clpsl2;Clps;Mapk14;Slc26a8;Lhfpl5;Armc12;Srpk1,2.61519,28625384,28625641,2.42949,150865508,150866003
Srsf3,2.5763,29030968,29031259,2.42949,150865508,150866003
BC004004,2.41579,29280493,29281028,2.42949,150865508,150866003
Pim1;Pi16;BC004004;Mtch1;Fgd2,4.40853,29393901,29394617,2.42949,150865508,150866003
Pim1;Pi16;BC004004;Mtch1;Fgd2,4.5274,29395502,29395858,2.42949,150865508,150866003
Pim1,2.6829,29492568,29492857,2.42949,150865508,150866003
Tmem217,2.5763,29531566,29531917,2.42949,150865508,150866003
Btbd9,3.41987,30518857,30519249,2.42949,150865508,150866003
Abcg1,2.81636,31073512,31073774,2.42949,150865508,150866003
H2-K1,3.21732,34000312,34000849,2.42949,150865508,150866003
Tap1;Tap2;Col11a2;H2-Oa;H2-Ab1;H2-DMa;H2-DMb2;H2-DMb1;BC051537;Psmb9;Psmb8;Brd2;H2-Ob,7.64441,34162523,34163340,2.42949,150865508,150866003
Tap1;Tap2;Col11a2;H2-Oa;H2-Ab1;H2-DMa;H2-DMb2;H2-DMb1;BC051537;Psmb9;Psmb8;Brd2;H2-Ob,3.35363,34164128,34164398,2.42949,150865508,150866003
Mir6974;Lta,3.825,35205240,35205523,2.42949,150865508,150866003
H2-Bl,3.09156,36083773,36084066,2.42949,150865508,150866003
Ptchd4,2.83393,42460611,42461043,2.42949,150865508,150866003
Runx2,2.26439,44569681,44569965,2.42949,150865508,150866003
Cul9,3.09156,46546027,46546273,2.42949,150865508,150866003
Trem3;B430306N03Rik;Treml2;Nfya;Treml1;Trem1;Treml4;Trem2,3.85667,48293419,48294051,2.42949,150865508,150866003
Treml2,3.80232,48300043,48301206,2.42949,150865508,150866003
Trem3;Oard1;B430306N03Rik;Treml2;Apobec2;Nfya;Treml1;Trem1;Treml4;Trem2,2.51522,48332647,48333004,2.42949,150865508,150866003
Btg3;Plcl2;Tbc1d5,10.9445,50729635,50730118,2.42949,150865508,150866003
,2.18724,52163124,52163461,2.42949,150865508,150866003
,2.96984,52468222,52468541,2.42949,150865508,150866003
Zfp119b,3.04128,55944825,55945120,2.42949,150865508,150866003
Znrf4;Ptprs;Mir6977;Safb;Safb2;2410015M20Rik,3.01753,56507594,56508077,2.42949,150865508,150866003
Alkbh7,4.62688,56996960,56997248,2.42949,150865508,150866003
Cntnap5c,3.09156,58295255,58295501,2.42949,150865508,150866003
,2.5763,59898731,59898985,2.42949,150865508,150866003
Fbxl17,3.09156,63263376,63263657,2.42949,150865508,150866003
Dlgap1,2.83393,70519362,70519615,2.42949,150865508,150866003
Xdh,4.63735,73952216,73952536,2.42949,150865508,150866003
Strn;Vit,2.41403,78630914,78631202,2.42949,150865508,150866003
Galm;Srsf7;Hnrnpll,2.85058,80112312,80113183,2.42949,150865508,150866003
Cdkl4;Map4k3;Sos1,2.76506,80521796,80522177,2.42949,150865508,150866003
Eml4,2.76506,83367693,83367980,2.42949,150865508,150866003
Kcng3;Mta3,4.4145,83654927,83655267,2.42949,150865508,150866003
4933433H22Rik;Thada;Zfp36l2,2.1048,84183466,84183717,2.42949,150865508,150866003
Calm2,3.74311,87446503,87446775,2.42949,150865508,150866003
Gm4832;Fbxo11,3.41987,88112039,88112601,2.42949,150865508,150866003
Map3k8;Mtpap;Lyzl1;4833419F23Rik,2.13859,4278198,4278437,2.42949,150865508,150866003
Greb1l,3.60682,10532815,10533060,2.42949,150865508,150866003
,3.42515,14511142,14511536,2.42949,150865508,150866003
Kctd1,2.89339,15208511,15208749,2.42949,150865508,150866003
,2.83393,17703210,17703498,2.42949,150865508,150866003
AW554918,2.83393,25278902,25279185,2.42949,150865508,150866003
,2.96984,30683356,30683664,2.42949,150865508,150866003
4930455D15Rik;Wdr36,2.5763,32838900,32839140,2.42949,150865508,150866003
Hspa9;Egr1;Etf1;Kdm3b;Reep2;Fam53c,7.64441,34854244,34854757,2.42949,150865508,150866003
Matr3,2.41403,35571921,35572251,2.42949,150865508,150866003
Nr3c1,2.68709,39518787,39519090,2.42949,150865508,150866003
Pabpc2,2.6829,39858773,39859096,2.42949,150865508,150866003
Pabpc2,4.37971,39866601,39866990,2.42949,150865508,150866003
Tnfaip8,3.45249,50014446,50014753,2.42949,150865508,150866003
,3.09156,54253440,54253721,2.42949,150865508,150866003
Zfp608,4.12208,54900414,54900652,2.42949,150865508,150866003
Zfp608,3.2187,54921769,54922280,2.42949,150865508,150866003
Mar-03,3.09156,56869742,56870013,2.42949,150865508,150866003
Mar-03,2.54863,56888548,56888860,2.42949,150865508,150866003
C330018D20Rik,2.5763,56967029,56967405,2.42949,150865508,150866003
Mir466p,4.63735,65405649,65406034,2.42949,150865508,150866003
Ptpn2,3.86445,67699444,67699852,2.42949,150865508,150866003
Ptpn2,2.41403,67723959,67724248,2.42949,150865508,150866003
Stard6;Poli;4930503L19Rik,3.09156,70415187,70415433,2.42949,150865508,150866003
,3.34919,70979709,70980008,2.42949,150865508,150866003
Dcc,2.83393,71958995,71959248,2.42949,150865508,150866003
Hdhd2,2.72235,76944961,76945216,2.42949,150865508,150866003
,2.6829,79297506,79297774,2.42949,150865508,150866003
,3.01919,79303389,79303781,2.42949,150865508,150866003
Nfatc1,2.13859,80612179,80612527,2.42949,150865508,150866003
Nfatc1,4.37971,80622979,80623382,2.42949,150865508,150866003
Galr1;Mbp,2.85058,82471994,82472294,2.42949,150865508,150866003
Mbp,5.02391,82525688,82526525,2.42949,150865508,150866003
Mbp,3.79562,82529034,82529312,2.42949,150865508,150866003
Socs6,2.76506,88823295,88823560,2.42949,150865508,150866003
Dok6,2.83393,89672441,89672825,2.42949,150865508,150866003
Tmx3,3.09156,90591566,90591852,2.42949,150865508,150866003
Suv420h1;1810055G02Rik;Lrp5,3.34919,3731146,3731403,2.42949,150865508,150866003
Ctsw,2.5763,5467646,5467929,2.42949,150865508,150866003
Atl3,2.76506,7529260,7529660,2.42949,150865508,150866003
Cd5;A430093F15Rik,4.04115,10738930,10739313,2.42949,150865508,150866003
AW112010,5.69343,11052416,11053370,2.42949,150865508,150866003
4930526L06Rik;Ms4a4b;Ms4a4c;Ms4a7;Ms4a5;Ms4a1,5.01601,11355832,11356097,2.42949,150865508,150866003
Gm8369,3.75126,11505120,11505373,2.42949,150865508,150866003
Jak2;Insl6;Rcl1;Rln1,4.03063,29236793,29237068,2.42949,150865508,150866003
Cd274,3.1053,29371580,29371842,2.42949,150865508,150866003
Stambpl1,2.95872,34192341,34192691,2.42949,150865508,150866003
Hectd2;1500017E21Rik;Pcgf5,3.09156,36538345,36538658,2.42949,150865508,150866003
March5;Cpeb3,3.34919,37207865,37208099,2.42949,150865508,150866003
Fra10ac1,3.01643,38223992,38224312,2.42949,150865508,150866003
Entpd1,2.44378,40687146,40687394,2.42949,150865508,150866003
Hif1an,2.6829,44562873,44563117,2.42949,150865508,150866003
Add3,2.83393,53141657,53141920,2.42949,150865508,150866003
Smndc1;Mxi1;5830416P10Rik,4.94973,53424587,53424973,2.42949,150865508,150866003
5830416P10Rik,2.34754,53441391,53441737,2.42949,150865508,150866003
5830416P10Rik,5.27875,53443218,53443628,2.42949,150865508,150866003
5830416P10Rik,3.8813,53461273,53461902,2.42949,150865508,150866003
5830416P10Rik,2.64179,53464878,53465130,2.42949,150865508,150866003
Dusp5,4.37971,53529946,53530217,2.42949,150865508,150866003
Dusp5,4.62688,53536666,53537108,2.42949,150865508,150866003
Pdcd4,3.01827,53889704,53890037,2.42949,150865508,150866003
Tcf7l2,3.34919,55893018,55893350,2.42949,150865508,150866003
,2.77921,121724,122028,2.42949,150865508,150866003
,2.51522,223767,224035,2.42949,150865508,150866003
,4.63735,24790,25124,2.42949,150865508,150866003
Celf2,2.72235,6563486,6563754,2.42949,150865508,150866003
Celf2,3.44095,6707207,6707465,2.42949,150865508,150866003
1700061F12Rik,3.09156,9136300,9136577,2.42949,150865508,150866003
Prkcq,3.09156,11118887,11119173,2.42949,150865508,150866003
Prkcq,2.78719,11193040,11193311,2.42949,150865508,150866003
Prkcq,5.66787,11203055,11204408,2.42949,150865508,150866003
Il15ra;Il2ra;Pfkfb3;Rbm17,4.50628,11619770,11620288,2.42949,150865508,150866003
4930515L03Rik,2.5763,16876957,16877222,2.42949,150865508,150866003
Pip4k2a,2.83393,18958301,18958605,2.42949,150865508,150866003
Rapgef1,3.2678,29661864,29662344,2.42949,150865508,150866003
Rapgef1,2.81636,29672262,29672594,2.42949,150865508,150866003
Pbx3,3.09156,34298965,34299202,2.42949,150865508,150866003
Psmd5;Traf1;Cutal;Phf19;Hc,4.63909,34938745,34939129,2.42949,150865508,150866003
Traf1,3.25432,34963100,34963481,2.42949,150865508,150866003
Nek6,4.02435,38471652,38472450,2.42949,150865508,150866003
Lrp1b,2.5763,41355658,41356059,2.42949,150865508,150866003
Arhgap15,3.47118,43753105,43753517,2.42949,150865508,150866003
Mir5129;Zeb2,3.34919,44977024,44977259,2.42949,150865508,150866003
,2.83393,45456806,45457120,2.42949,150865508,150866003
,4.12208,46561295,46561704,2.42949,150865508,150866003
Acvr2a,2.83393,48726247,48726608,2.42949,150865508,150866003
Galnt13,2.5763,54678907,54679221,2.42949,150865508,150866003
,3.34919,57894914,57895174,2.42949,150865508,150866003
Cytip,2.49515,58157281,58157545,2.42949,150865508,150866003
Psmd14;Tank,3.21732,61700532,61700787,2.42949,150865508,150866003
Dpp4,2.66169,62395046,62395316,2.42949,150865508,150866003
Cobll1,2.51522,65189249,65189618,2.42949,150865508,150866003
Scn2a1,2.61519,65681640,65681932,2.42949,150865508,150866003
Stk39,3.09156,68469549,68469801,2.42949,150865508,150866003
Myo3b,3.35363,70091474,70091767,2.42949,150865508,150866003
Metap1d;Dlx1as;Dlx1;Dlx2,2.5763,71607637,71607881,2.42949,150865508,150866003
Sp3;6430710C18Rik,7.47128,72837867,72838629,2.42949,150865508,150866003
Rbm45,3.09156,76369900,76370165,2.42949,150865508,150866003
Ube2e3,4.27327,78961595,78962060,2.42949,150865508,150866003
Ssfa2,3.34919,79636513,79636749,2.42949,150865508,150866003
P2rx3,3.51917,85013784,85014318,2.42949,150865508,150866003
Olfr154;Olfr1015;Olfr1008;Olfr1009;Olfr1018;Olfr1002;Olfr1014;Olfr1016;Olfr1006;Olfr1010;Olfr1013;Olfr1012,2.83393,85732149,85732499,2.42949,150865508,150866003
Olfr1173;Olfr1170;Olfr1176;Olfr1168,3.27522,88257223,88257481,2.42949,150865508,150866003
,3.60682,99271267,99271535,2.42949,150865508,150866003
Abtb2,3.34919,103632139,103632601,2.42949,150865508,150866003
,3.09156,106326599,106326850,2.42949,150865508,150866003
Ano3,2.83393,110675703,110675950,2.42949,150865508,150866003
Olfr1318;Olfr1316;Olfr1317;Olfr1314;Olfr1312;Olfr1313;Olfr1310;Olfr1311,3.27418,112096133,112096412,2.42949,150865508,150866003
Rasgrp1,2.85058,117342799,117343314,2.42949,150865508,150866003
Rasgrp1,4.27327,117418621,117418909,2.42949,150865508,150866003
Capn3,3.01643,120499907,120500143,2.42949,150865508,150866003
Bloc1s6;Mir147;AA467197;Gatm;Spata5l1;Slc30a4,2.22932,122652395,122652646,2.42949,150865508,150866003
Bcl2l11,2.35125,128152945,128153218,2.42949,150865508,150866003
Gm14005,2.57216,128451519,128452078,2.42949,150865508,150866003
Gm14005,3.52131,128499686,128500018,2.42949,150865508,150866003
Slx4ip,2.5763,137058445,137058689,2.42949,150865508,150866003
Sptlc3,2.56391,139500207,139500518,2.42949,150865508,150866003
Tasp1,2.83393,140014641,140014886,2.42949,150865508,150866003
Macrod2,3.09156,142221880,142222125,2.42949,150865508,150866003
Mgme1;Snx5,2.61519,144269610,144269919,2.42949,150865508,150866003
Zfp133-ps,4.12208,144458898,144459265,2.42949,150865508,150866003
Hck,3.34919,153117696,153117938,2.42949,150865508,150866003
Tspyl3,3.09156,153224675,153224975,2.42949,150865508,150866003
Raly,3.21732,154793358,154793592,2.42949,150865508,150866003
a;Ahcy;Itch;2310005A03Rik,4.37971,155079351,155079648,2.42949,150865508,150866003
Trpc4ap,3.35363,155679677,155680165,2.42949,150865508,150866003
Phf20,2.83393,156256523,156256881,2.42949,150865508,150866003
Gtsf1l;Mybl2;Ift52;Sgk2;Mir7003,2.96984,163103304,163103558,2.42949,150865508,150866003
Stk4,3.86445,164079429,164079760,2.42949,150865508,150866003
Sdc4,3.37388,164441286,164441541,2.42949,150865508,150866003
Zfp335;Ncoa5;Slc12a5;Pltp;Pcif1;Mmp9,3.86445,164942641,164943266,2.42949,150865508,150866003
Ncoa3,4.37971,166046085,166046431,2.42949,150865508,150866003
Prex1,2.34754,166630343,166630694,2.42949,150865508,150866003
,4.02435,167804656,167805282,2.42949,150865508,150866003
Nfatc2,2.83393,168588903,168589243,2.42949,150865508,150866003
Zfp217,2.5763,170117413,170117662,2.42949,150865508,150866003
Rbm38,3.34919,173019819,173020060,2.42949,150865508,150866003
Pck1;Ctcfl;Ctcflos;Spo11;Rae1;Rbm38,2.85058,173085899,173086412,2.42949,150865508,150866003
,4.63735,173409287,173409822,2.42949,150865508,150866003
Zgpat;Arfrp1,2.57164,181365060,181365306,2.42949,150865508,150866003
,3.18595,21911113,21911603,2.42949,150865508,150866003
Phc3,2.81636,30966144,30966484,2.42949,150865508,150866003
Spata5;Nudt6,2.85058,37419170,37419585,2.42949,150865508,150866003
Fat4,3.09156,38854024,38854293,2.42949,150865508,150866003
,2.5763,39610844,39611275,2.42949,150865508,150866003
,2.5763,45816569,45816889,2.42949,150865508,150866003
Foxo1,3.78452,52270423,52270686,2.42949,150865508,150866003
,3.34631,52555070,52555304,2.42949,150865508,150866003
P2ry12;Med12l,2.34754,59222164,59222444,2.42949,150865508,150866003
Gm5538,2.81636,59746429,59746898,2.42949,150865508,150866003
Mbnl1,2.61243,60482916,60483216,2.42949,150865508,150866003
,3.09156,62762002,62762261,2.42949,150865508,150866003
Trim59,2.8673,69041346,69041600,2.42949,150865508,150866003
Nmd3,3.2678,69722131,69722431,2.42949,150865508,150866003
Fstl5,2.83393,76346231,76346532,2.42949,150865508,150866003
Rapgef2,2.5763,78964341,78964620,2.42949,150865508,150866003
Rapgef2,3.04023,79109155,79109408,2.42949,150865508,150866003
Mnd1;Trim2;D930015E06Rik,3.34919,84066225,84066536,2.42949,150865508,150866003
Etv3,4.10226,87527463,87528453,2.42949,150865508,150866003
Etv3,3.99253,87529496,87529904,2.42949,150865508,150866003
Mir1905;Slc25a44;Rab25;Pmf1;Ubqln4;Ssr2;Mir7011;Sema4a;Lmna;Lamtor2;Mex3a,3.01919,88510099,88510369,2.42949,150865508,150866003
Mir1905;Slc25a44;Rab25;Arhgef2;Ubqln4;Ssr2;Mir7011;Sema4a;Lmna;Lamtor2;Mex3a,2.76506,88521898,88522161,2.42949,150865508,150866003
Rusc1,5.41024,89087633,89087910,2.42949,150865508,150866003
Fdps;Mir92b;Scamp3;Pklr;Fam189b;Hcn3;Gba;Thbs3;Efna1;Krtcap2;Rusc1;Mtx1;Trim46;Clk2;Dpm3;Muc1;Slc50a1,3.82221,89190388,89190645,2.42949,150865508,150866003
She,3.2678,89840553,89840841,2.42949,150865508,150866003
Chtop,2.81636,90503758,90504007,2.42949,150865508,150866003
Flg2;Gm4858;Crnn,2.83393,93132729,93132980,2.42949,150865508,150866003
Tnfaip8l2,3.50916,95142083,95142719,2.42949,150865508,150866003
Hormad1,3.09156,95575597,95575949,2.42949,150865508,150866003
Tars2;Adamtsl4;Golph3l;Ecm1;Mir7014;Rprd2;Ensa;Hormad1;Mcl1,2.13859,95669087,95669327,2.42949,150865508,150866003
Ankrd34a;Polr3gl,3.2678,96593759,96594159,2.42949,150865508,150866003
Gm5544,2.87902,97932040,97932327,2.42949,150865508,150866003
Notch2,4.37971,98012985,98013474,2.42949,150865508,150866003
Spag17,3.09156,100079524,100079794,2.42949,150865508,150866003
Adora3;Rap1a;Gm5547,3.09156,105825466,105825708,2.42949,150865508,150866003
Dram2;2010016I18Rik;Cept1;Chil6;Dennd2d,3.01879,106464616,106464988,2.42949,150865508,150866003
Prpf38b,3.60682,108910950,108911356,2.42949,150865508,150866003
Col11a1,2.83393,114084557,114084860,2.42949,150865508,150866003
S1pr1,3.01827,115758648,115758891,2.42949,150865508,150866003
Lrrc39,3.01643,116562410,116562653,2.42949,150865508,150866003
Frrs1,2.41403,116861455,116861727,2.42949,150865508,150866003
Ugt8a,2.83393,125994493,125994789,2.42949,150865508,150866003
Lef1,3.02472,131117188,131117473,2.42949,150865508,150866003
Lef1,3.86445,131139192,131139468,2.42949,150865508,150866003
Lef1,2.5763,131162762,131163066,2.42949,150865508,150866003
Tet2;Ppa2,3.34919,133394577,133394892,2.42949,150865508,150866003
4930539C22Rik,2.83393,134510049,134510292,2.42949,150865508,150866003
Cisd2,4.02338,135417670,135418246,2.42949,150865508,150866003
Ppp3ca,2.61519,136725481,136725836,2.42949,150865508,150866003
Bmpr1b,3.09156,141995874,141996126,2.42949,150865508,150866003
Gm20752,3.27522,159047108,159047349,2.42949,150865508,150866003
Tox,3.34919,6950520,6950799,2.42949,150865508,150866003
2610301B20Rik;Plekhf2,3.09156,10940676,10940941,2.42949,150865508,150866003
4930548K13Rik,2.5763,26588823,26589067,2.42949,150865508,150866003
,2.83393,29511941,29512325,2.42949,150865508,150866003
,7.23443,32126703,32127481,2.42949,150865508,150866003
,3.39658,32291587,32291835,2.42949,150865508,150866003
Bach2,3.2153,32363615,32363890,2.42949,150865508,150866003
Rragd;4933421O10Rik;Gabrr1;Gabrr2;Ube2j1;Pm20d2,2.83393,33099785,33100064,2.42949,150865508,150866003
Zfp292,3.2678,34881280,34881644,2.42949,150865508,150866003
,2.96984,39703328,39703591,2.42949,150865508,150866003
Dnaja1;Mir207;Smu1;Gm6297;Mir5123;B4galt1;Aptx,2.34754,40781741,40782096,2.42949,150865508,150866003
Reck,3.09156,43926095,43926375,2.42949,150865508,150866003
Fbxo10;Grhpr;Zcchc7;Polr1e;Zbtb5,2.83393,44962888,44963136,2.42949,150865508,150866003
Coro2a,2.92842,46583877,46584284,2.42949,150865508,150866003
Mup5;Mup19,2.71809,61788971,61789258,2.42949,150865508,150866003
4933430I17Rik;Pole3,3.2678,62525146,62525398,2.42949,150865508,150866003
Rgs3,4.37971,62681515,62681815,2.42949,150865508,150866003
Akna,3.41626,63385585,63385854,2.42949,150865508,150866003
Akna,3.2187,63399069,63399403,2.42949,150865508,150866003
Tle1,2.5763,72096548,72096866,2.42949,150865508,150866003
Ttc39b,3.77054,83315095,83315465,2.42949,150865508,150866003
Mllt3,3.09156,87916835,87917071,2.42949,150865508,150866003
,2.83393,90491686,90492040,2.42949,150865508,150866003
Jun,3.14498,95107582,95107874,2.42949,150865508,150866003
,4.37971,95196182,95196523,2.42949,150865508,150866003
Jak1,2.85058,101187437,101187684,2.42949,150865508,150866003
E130102H24Rik,3.51917,101357557,101358168,2.42949,150865508,150866003
Sgip1,10.5628,102711743,102712061,2.42949,150865508,150866003
Mier1,2.87015,103121176,103121586,2.42949,150865508,150866003
Skint5,3.09156,113509432,113509794,2.42949,150865508,150866003
Pik3r3,2.87561,116221267,116221560,2.42949,150865508,150866003
Olfr1339;D4Ertd617e;Olfr1340;Olfr62;Wdr65;Olfr1341;Ebna1bp2;Olfr1342,2.5763,118651814,118652048,2.42949,150865508,150866003
Guca2a;Guca2b;Hivep3,6.23623,119733561,119733847,2.42949,150865508,150866003
Ak2;Trim62;Rnf19b;Azin2,3.35499,128981228,128981554,2.42949,150865508,150866003
Ak2;Tmem54;Rnf19b;Hpca;Azin2,3.52131,129034778,129035206,2.42949,150865508,150866003
Zbtb8os;Rbbp4,3.34919,129336083,129336351,2.42949,150865508,150866003
E330017L17Rik;Khdrbs1;Ptp4a2,2.13859,129811208,129811630,2.42949,150865508,150866003
Laptm5,2.51599,130921284,130921548,2.42949,150865508,150866003
Zdhhc18,2.61519,133632091,133632537,2.42949,150865508,150866003
Cd52;Dhdds;Hmgn2;Sh3bgrl3;Lin28a;Aim1l;Cep85;Ubxn11,3.2678,134047516,134047838,2.42949,150865508,150866003
Paqr7,2.41403,134495181,134495464,2.42949,150865508,150866003
Tmem57;Syf2;Rhd;Tmem50a;Rsrp1,3.21732,134918184,134918609,2.42949,150865508,150866003
Runx3,2.51522,135103606,135103853,2.42949,150865508,150866003
Runx3,5.27875,135108513,135108973,2.42949,150865508,150866003
Runx3;Clic4,3.60682,135206115,135206398,2.42949,150865508,150866003
Tceb3;E2f2;Rpl11;Pithd1;Id3,2.44378,136082087,136082343,2.42949,150865508,150866003
Gm13031;Atp13a2;Necap2;Crocc;Padi2;Mfap2;Sdhb,3.09156,140983617,140983862,2.42949,150865508,150866003
Gm438;Gm13178;Gm13177;Gm436,2.83393,144702843,144703080,2.42949,150865508,150866003
Tnfrsf8,2.61519,145312632,145312946,2.42949,150865508,150866003
Tnfrsf8;Tnfrsf1b,2.58754,145342080,145342408,2.42949,150865508,150866003
Gm572;Tardbp;Masp2;Srm,3.58475,148683856,148684105,2.42949,150865508,150866003
Spsb1;Slc25a33,3.34919,149856382,149856697,2.42949,150865508,150866003
Spsb1;H6pd,3.99253,149880106,149880561,2.42949,150865508,150866003
Eno1b;Eno1;Car6;Rere,3.01753,150269209,150269536,2.42949,150865508,150866003
Acot7,4.27327,152188684,152189072,2.42949,150865508,150866003
Ski,2.95215,155162613,155162879,2.42949,150865508,150866003
Ski,3.01643,155178364,155178852,2.42949,150865508,150866003
B3galt6;Sdf4;9430015G10Rik;Mir429;Rnf223;Agrn;Mir200a;Ttll10;Tnfrsf4;Gm10560;Mir200b;Tnfrsf18,4.35972,156067552,156068158,2.42949,150865508,150866003
Ccdc146,2.0135,21411570,21412079,2.42949,150865508,150866003
5031410I06Rik;Gm5862;Gm10220;Speer4a;Gm1979;Gm10471,3.09156,26094976,26095319,2.42949,150865508,150866003
Dpp6,3.34919,27692114,27692415,2.42949,150865508,150866003
Zfp512,3.34919,31453877,31454156,2.42949,150865508,150866003
Pisd;Prr14l;Yes1,3.54892,32719603,32719945,2.42949,150865508,150866003
Slc5a1,2.34754,33122030,33122270,2.42949,150865508,150866003
Zfyve28,3.2678,34196537,34196886,2.42949,150865508,150866003
Sh3bp2,3.09156,34547168,34547448,2.42949,150865508,150866003
Bloc1s4;Man2b2;Mrfap1;Ppp2r2c;Ppp2r2cos,4.21434,36839750,36840491,2.42949,150865508,150866003
Jakmip1,4.37971,37066989,37067805,2.42949,150865508,150866003
Tmem128,3.2678,38260216,38260584,2.42949,150865508,150866003
Lcorl,3.60682,45771706,45772128,2.42949,150865508,150866003
,2.83393,46136229,46136497,2.42949,150865508,150866003
Mir6417;9230114K14Rik;C130083M11Rik;Dhx15,3.86445,52142077,52142394,2.42949,150865508,150866003
,5.03044,53402758,53403267,2.42949,150865508,150866003
Rbpj,2.76617,53588779,53589184,2.42949,150865508,150866003
Rbpj,2.93902,53589816,53590111,2.42949,150865508,150866003
Stim2;Tbc1d19,3.38599,53995264,53995551,2.42949,150865508,150866003
,2.83393,57309936,57310183,2.42949,150865508,150866003
Dthd1,4.70251,62858212,62858803,2.42949,150865508,150866003
5830416I19Rik;Pgm1;Tbc1d1,3.18595,64149713,64149970,2.42949,150865508,150866003
Gm3716,3.01827,64651259,64651720,2.42949,150865508,150866003
1700126H18Rik;Apbb2;Nsun7;Rbm47,5.03044,66199934,66200326,2.42949,150865508,150866003
,3.09156,68683978,68684241,2.42949,150865508,150866003
,2.76506,70134619,70134890,2.42949,150865508,150866003
Gabrb1,2.83393,72106468,72106735,2.42949,150865508,150866003
Cnga1,3.01827,72635051,72635335,2.42949,150865508,150866003
Cnga1,3.86445,72635677,72636188,2.42949,150865508,150866003
Cnga1,2.39019,72636459,72636894,2.42949,150865508,150866003
Paics;Ppat,3.34919,76951383,76951627,2.42949,150865508,150866003
,3.51917,85741926,85742170,2.42949,150865508,150866003
Prol1;Gm7714,2.5763,88264247,88264530,2.42949,150865508,150866003
Shroom3,2.83393,92964014,92964320,2.42949,150865508,150866003
Sep-11,3.29358,93094369,93094720,2.42949,150865508,150866003
Gm7978,3.81817,93977565,93978045,2.42949,150865508,150866003
Anxa3;Fras1,3.61721,96878761,96879040,2.42949,150865508,150866003
Hpse;Plac8;Lin54;Cops4;Coq2,2.72172,100585038,100585385,2.42949,150865508,150866003
Agpat9,2.83393,100875871,100876238,2.42949,150865508,150866003
Gbp6,2.83393,105293243,105293523,2.42949,150865508,150866003
Rpap2,5.46257,107648709,107649338,2.42949,150865508,150866003
Rpap2,2.89853,107649670,107649949,2.42949,150865508,150866003
Rpap2,2.44378,107650357,107650625,2.42949,150865508,150866003
Fam69a,3.50539,107960901,107961156,2.42949,150865508,150866003
Tpst2;1700028D13Rik;Hps4;Gm6583;Tfip11;Miat;Crybb1;Srrd;Cryba4,3.434,112272698,112273099,2.42949,150865508,150866003
Tpst2,2.82487,112273950,112274219,2.42949,150865508,150866003
Coq5,3.21732,115279281,115279535,2.42949,150865508,150866003
Fbxw8,3.51917,118082156,118082561,2.42949,150865508,150866003
Dtx1,2.76506,120685612,120685940,2.42949,150865508,150866003
P2rx7,3.1053,122652713,122652964,2.42949,150865508,150866003
Anapc5,3.12271,122820968,122821264,2.42949,150865508,150866003
Vps37b,3.01879,124034474,124034797,2.42949,150865508,150866003
Arl6ip4;Ogfod2;Mir7032;Ccdc62;Vps37b;Pitpnm2;Abcb9;Hip1r,5.66787,124036211,124036655,2.42949,150865508,150866003
Rilpl2,3.16254,124475334,124475697,2.42949,150865508,150866003
Fam101a;Zfp664;Ccdc92;Ncor2,3.2678,124954045,124954344,2.42949,150865508,150866003
Fam101a;Zfp664;Ccdc92;Ncor2,4.24966,124954722,124954963,2.42949,150865508,150866003
Ran,3.60682,129021769,129022103,2.42949,150865508,150866003
Gtf2ird1,3.95978,134444138,134444664,2.42949,150865508,150866003
Pom121,3.27522,135394696,135394932,2.42949,150865508,150866003
Ccl26,3.09156,135565103,135565382,2.42949,150865508,150866003
Mepce;Nyap1;Zcwpw1;Tsc22d4;Gm20605;Irs3;Lrch4;Ppp1r35;Fbxo24;Agfg2;Sap25,4.27327,137720704,137721091,2.42949,150865508,150866003
Chst12;Grifin;Iqce;Ttyh3;Lfng;Brat1,3.95978,140616359,140617169,2.42949,150865508,150866003
Spdyb;4930448H16Rik;Rbak;Rbakdn;Rnf216;4933411G11Rik,4.94973,143132797,143133167,2.42949,150865508,150866003
Tecpr1,4.02505,144221466,144221735,2.42949,150865508,150866003
Usp12;Rpl21;Rasl11a,3.09156,146824498,146824801,2.42949,150865508,150866003
2210417A02Rik;Katnal1,3.51917,148820079,148820669,2.42949,150865508,150866003
Ccdc132,3.09156,3602337,3602582,2.42949,150865508,150866003
Glcci1,3.05801,8556590,8556830,2.42949,150865508,150866003
Thsd7a,2.83393,12358570,12358869,2.42949,150865508,150866003
Tmem168;B630005N14Rik,2.41403,13692287,13692569,2.42949,150865508,150866003
Tfec,2.83393,16846069,16846455,2.42949,150865508,150866003
Grm8,2.5763,27179136,27179399,2.42949,150865508,150866003
Pax4;Snd1;Fscn3;Arf5;Gcc1,4.77601,28440402,28440832,2.42949,150865508,150866003
Prrt4;Impdh1;Hilpda;Fam71f1;Fam71f2;Rbm28,2.83393,29247199,29247529,2.42949,150865508,150866003
Lincpint,4.63735,31126301,31126761,2.42949,150865508,150866003
Lincpint,3.86445,31216547,31216791,2.42949,150865508,150866003
1700012A03Rik;Plxna4,3.09156,32110137,32110480,2.42949,150865508,150866003
Chchd3,2.5763,33133430,33133762,2.42949,150865508,150866003
,2.83393,35737852,35738145,2.42949,150865508,150866003
Mir1950,2.5763,40818967,40819211,2.42949,150865508,150866003
Prss1;Trpv5;Prss2;Ephb6;Trpv6,3.27078,41554421,41554663,2.42949,150865508,150866003
Fam115c;Fam115a;Olfr456;Olfr455;Fam115e,2.83393,42577628,42577935,2.42949,150865508,150866003
Gimap3;Gimap7;Gimap1;Gimap8;Gimap9;Gimap4;Gimap5;Gimap6;Repin1;Zfp775;Gm5111;AI854703,9.91889,48679607,48680420,2.42949,150865508,150866003
Gimap3;Gimap7;Gimap1;Gimap8;Gimap9;Gimap4;Gimap5;Gimap6;Repin1;Zfp775;Gm5111;AI854703,2.71776,48681564,48682012,2.42949,150865508,150866003
Gimap3;Gimap8;Gimap9;Gimap4;Gimap5;Gimap6;Gimap7;Gimap1;AI854703,4.23379,48725533,48725780,2.42949,150865508,150866003
Tra2a,3.09156,49263008,49263422,2.42949,150865508,150866003
Nod1,2.8835,54956029,54956370,2.42949,150865508,150866003
Vopp1,3.01643,57824512,57824757,2.42949,150865508,150866003
Vmn1r28;Vmn1r27,3.09156,58188985,58189232,2.42949,150865508,150866003
Tnip3,2.5763,65608608,65608872,2.42949,150865508,150866003
Tnip3,3.27522,65612023,65612633,2.42949,150865508,150866003
Il12rb2,3.86445,67367113,67367379,2.42949,150865508,150866003
,3.09156,68016272,68016520,2.42949,150865508,150866003
Cd8a;Cd8b1;Mir8112;Krcc1;Rmnd5a,2.39019,71369542,71369870,2.42949,150865508,150866003
Hk2,5.19812,82753041,82753449,2.42949,150865508,150866003
Dguok,2.5763,83502233,83502591,2.42949,150865508,150866003
Prokr1;Aplf;Arhgap25,2.81339,87541391,87541714,2.42949,150865508,150866003
Prokr1;Aplf;Arhgap25,2.41403,87542040,87542299,2.42949,150865508,150866003
Mgll,3.81817,88757038,88757348,2.42949,150865508,150866003
Grip2;Slc6a6,3.46481,91679159,91679417,2.42949,150865508,150866003
Frmd4b,3.99253,97294221,97294496,2.42949,150865508,150866003
Frmd4b,3.27522,97668589,97668827,2.42949,150865508,150866003
,2.36815,98597370,98597665,2.42949,150865508,150866003
Foxp1,3.34919,99028640,99028879,2.42949,150865508,150866003
Foxp1,3.19881,99258086,99258350,2.42949,150865508,150866003
Foxp1,2.8835,99336610,99337018,2.42949,150865508,150866003
Foxp1,3.02858,99432697,99433101,2.42949,150865508,150866003
Cntn4,3.09156,106497269,106497516,2.42949,150865508,150866003
Bhlhe40;0610040F04Rik,2.41403,108668175,108668595,2.42949,150865508,150866003
Arl8b,3.68899,108780318,108780733,2.42949,150865508,150866003
,3.34919,109924125,109924388,2.42949,150865508,150866003
Pparg,2.83393,115406627,115406875,2.42949,150865508,150866003
Rad52,3.41987,119908226,119908643,2.42949,150865508,150866003
Wnk1,2.78688,119946502,119946820,2.42949,150865508,150866003
Grcc10;Ptpn6,2.92889,124741009,124741502,2.42949,150865508,150866003
Kcna6;Kcna1,3.09156,126664244,126664558,2.42949,150865508,150866003
9330179D12Rik,2.95215,127154806,127155147,2.42949,150865508,150866003
Clec2i;BC035044,3.01434,128889290,128889851,2.42949,150865508,150866003
Clec12b;Clec12a;Clec2d;4922502D21Rik;2310001H17Rik;Cd69,2.73129,129284629,129285087,2.42949,150865508,150866003
Klra15;Klra4;Klra22;Klra12;Klra18,3.09156,130049403,130049729,2.42949,150865508,150866003
Klra15;Klra22;Klra12,2.41403,130237805,130238501,2.42949,150865508,150866003
Klra1,3.60682,130386739,130387105,2.42949,150865508,150866003
Emp1,2.76506,135434049,135434346,2.42949,150865508,150866003
E330021D16Rik;Atf7ip,2.83393,136490959,136491204,2.42949,150865508,150866003
Arhgdib,2.87902,136941378,136941690,2.42949,150865508,150866003
Eps8,2.5763,137622696,137622944,2.42949,150865508,150866003
Etnk1;C2cd5,2.79583,143114779,143115439,2.42949,150865508,150866003
1700060C16Rik,3.09156,143631948,143632352,2.42949,150865508,150866003
Bcat1,2.85058,144901974,144902353,2.42949,150865508,150866003
Bcat1,3.02413,144902667,144903552,2.42949,150865508,150866003
Ergic2,2.5763,148188313,148188550,2.42949,150865508,150866003
Hspbp1,3.77072,4674479,4674991,2.42949,150865508,150866003
Zfp865,3.01753,5020308,5020697,2.42949,150865508,150866003
Lig1,17.7742,13302406,13303309,2.42949,150865508,150866003
Sult2a2,2.5763,13773274,13773563,2.42949,150865508,150866003
Ccdc9,4.89498,16286426,16286810,2.42949,150865508,150866003
Irf2bp1,2.83393,19001367,19001668,2.42949,150865508,150866003
Dmwd,3.01919,19077863,19078100,2.42949,150865508,150866003
Vasp,4.37971,19266032,19266376,2.42949,150865508,150866003
Bcl3,2.58754,19817433,19817726,2.42949,150865508,150866003
Bcl3,4.45475,19824214,19824457,2.42949,150865508,150866003
Pvr,2.83393,19920797,19921072,2.42949,150865508,150866003
Kcnn4,2.28783,24369694,24370085,2.42949,150865508,150866003
Irgq;Lypd5;Pinlyp;Plaur;Smg9;Irgc1;Kcnn4;Xrcc1;Cadm4;Zfp428,4.63735,24450482,24450802,2.42949,150865508,150866003
Gm19897,2.74128,28780801,28781301,2.42949,150865508,150866003
Catsperg2,2.5763,29621698,29621948,2.42949,150865508,150866003
Hcst,2.69119,30417932,30418240,2.42949,150865508,150866003
Zbtb32,4.37971,30593560,30593824,2.42949,150865508,150866003
,3.34919,54592790,54593031,2.42949,150865508,150866003
Klf13;E030018B13Rik,3.52131,63973357,63973678,2.42949,150865508,150866003
Klf13;E030018B13Rik,2.5763,63973965,63974200,2.42949,150865508,150866003
Klf13;E030018B13Rik,5.22486,63984239,63984956,2.42949,150865508,150866003
Lrrk1;Chsy1,5.43156,66233222,66233532,2.42949,150865508,150866003
Asb7,4.12208,66547832,66548180,2.42949,150865508,150866003
,3.01643,71462592,71462919,2.42949,150865508,150866003
Akap13,4.69508,75572245,75572677,2.42949,150865508,150866003
Klhl25;Akap13,3.01753,75797412,75798165,2.42949,150865508,150866003
Klhl25,2.8835,75881487,75881834,2.42949,150865508,150866003
Isg20,2.5763,78910979,78911217,2.42949,150865508,150866003
2610034B18Rik,3.01827,79930757,79931084,2.42949,150865508,150866003
Sema4b,2.58754,80209512,80210129,2.42949,150865508,150866003
Sh3gl3,3.2678,82215683,82215989,2.42949,150865508,150866003
2610206C17Rik,3.09156,84689558,84689874,2.42949,150865508,150866003
Zfand6;2610206C17Rik;Olfr291,3.46481,84779115,84779397,2.42949,150865508,150866003
Grm5;Tyr,2.81636,87562828,87563134,2.42949,150865508,150866003
Eed;Ccdc81;l7Rn6;Me3,3.60682,89917164,89917434,2.42949,150865508,150866003
E230029C05Rik,4.02191,90041780,90042080,2.42949,150865508,150866003
,2.83393,90705094,90705370,2.42949,150865508,150866003
,4.211,93217014,93217420,2.42949,150865508,150866003
,2.5763,94943796,94944046,2.42949,150865508,150866003
Lrrc32;Gucy2d,3.37388,98489152,98489740,2.42949,150865508,150866003
2210018M11Rik;Lrrc32;Gucy2d,4.40298,98534492,98534829,2.42949,150865508,150866003
2210018M11Rik;Lrrc32;Gucy2d,3.73755,98564718,98565072,2.42949,150865508,150866003
Prkrir,2.75424,98706965,98707204,2.42949,150865508,150866003
Map6,2.5763,99314825,99315104,2.42949,150865508,150866003
Ucp2,2.34754,100494751,100495116,2.42949,150865508,150866003
Art2b,13.8193,101580903,101581555,2.42949,150865508,150866003
Nup98,2.5763,102126293,102126589,2.42949,150865508,150866003
Gm15133;Trim12a;Trim12c;Trim30b;Trim34a;Trim34b;Trim6,3.20507,104291844,104292138,2.42949,150865508,150866003
Eif4g2;Ctr9;1700012D14Rik,2.96984,111092577,111092829,2.42949,150865508,150866003
Rras2,4.12208,114081720,114082100,2.42949,150865508,150866003
Rras2,3.01643,114117781,114118015,2.42949,150865508,150866003
Copb1;Psma1;Rras2,2.46033,114171417,114171975,2.42949,150865508,150866003
Smg1,2.8835,118209826,118210080,2.42949,150865508,150866003
Smg1;4930583K01Rik,4.12208,118276764,118277107,2.42949,150865508,150866003
Iqck;Knop1,4.45631,118855317,118855948,2.42949,150865508,150866003
Abca16,2.61519,120520028,120520274,2.42949,150865508,150866003
Ubfd1;Ears2,3.60682,122067179,122067428,2.42949,150865508,150866003
Prkcb,3.09156,122321032,122321307,2.42949,150865508,150866003
Il4ra,2.12483,125554297,125554533,2.42949,150865508,150866003
Gtf3c1;Il21r;Il4ra,3.39658,125593055,125593410,2.42949,150865508,150866003
Il21r,3.09156,125603064,125603498,2.42949,150865508,150866003
Il21r,3.62104,125607437,125607824,2.42949,150865508,150866003
Mir7058;Spns1;Rabep2;Nfatc2ip;Lat;Sbk1;Cd19,2.83393,126329886,126330158,2.42949,150865508,150866003
Ypel3,3.34919,126776680,126777012,2.42949,150865508,150866003
Tbx6,4.63735,126780114,126780457,2.42949,150865508,150866003
Itgax;Pycard;Itgam;Fus;Trim72,3.60682,128050946,128051205,2.42949,150865508,150866003
Ptpre,4.63735,135588685,135588937,2.42949,150865508,150866003
Ptpre,5.03132,135591483,135591835,2.42949,150865508,150866003
Olfr525,3.90518,140320937,140321644,2.42949,150865508,150866003
Tspan32,5.897,143009958,143010196,2.42949,150865508,150866003
Mir3470b,2.6829,144444920,144445200,2.42949,150865508,150866003
Cttn,7.64441,144446703,144447552,2.42949,150865508,150866003
A430078G23Rik,3.60682,3354377,3354741,2.42949,150865508,150866003
Zfp958;Shcbp1,3.34919,4718352,4718701,2.42949,150865508,150866003
Rab20;Cars2;Col4a2;Carkd,2.58754,11452816,11453370,2.42949,150865508,150866003
Dcun1d2,2.51522,13263337,13263676,2.42949,150865508,150866003
Rasa3,5.61319,13600225,13600606,2.42949,150865508,150866003
Rasa3,3.01434,13674912,13675149,2.42949,150865508,150866003
Kbtbd11,2.58754,15026948,15027369,2.42949,150865508,150866003
Kbtbd11,2.61519,15030765,15031082,2.42949,150865508,150866003
Plekha2,2.83393,25068123,25068483,2.42949,150865508,150866003
Pomk,2.83393,25993045,25993335,2.42949,150865508,150866003
Mfhas1,3.34919,35627982,35628637,2.42949,150865508,150866003
Mfhas1,4.91283,35634012,35634275,2.42949,150865508,150866003
Lrp2bp,2.83393,46013950,46014252,2.42949,150865508,150866003
Irf2;Gm16675,2.92908,46739342,46739631,2.42949,150865508,150866003
LOC102636514;Hand2,3.09156,57259547,57259856,2.42949,150865508,150866003
,2.95215,59718533,59718835,2.42949,150865508,150866003
Gm4975,3.09156,63931029,63931298,2.42949,150865508,150866003
Tmem192;Klhl2,3.60682,64871427,64871841,2.42949,150865508,150866003
Jund,2.79583,70695334,70695603,2.42949,150865508,150866003
Mpv17l2,4.02435,70761119,70761423,2.42949,150865508,150866003
Rab8a;Ap1m1;Cib3;Klf2;Eps15l1;Hsh2d;Fam32a,6.11516,72277364,72277616,2.42949,150865508,150866003
Rab8a;Ap1m1;Cib3;Klf2;Eps15l1;Hsh2d;Fam32a,4.52878,72278934,72279516,2.42949,150865508,150866003
Ap1m1;Calr3;Klf2;Eps15l1,7.92536,72330933,72331719,2.42949,150865508,150866003
Eps15l1,5.11146,72354065,72354635,2.42949,150865508,150866003
Zfp827,3.54693,79030857,79031162,2.42949,150865508,150866003
Inpp4b,3.09156,81349089,81349403,2.42949,150865508,150866003
Inpp4b,3.85667,81701824,81702436,2.42949,150865508,150866003
Inpp4b,2.61519,81820246,81820498,2.42949,150865508,150866003
Rnf150,3.34919,83075675,83075956,2.42949,150865508,150866003
Ndufb7;Clgn;Scoc;Tecr;Olfr370,2.83393,83506864,83507134,2.42949,150865508,150866003
Ier2,4.04115,84661074,84661406,2.42949,150865508,150866003
Adcy7,2.95215,88290102,88290611,2.42949,150865508,150866003
Nod2,3.34919,88668499,88668737,2.42949,150865508,150866003
Chd9,3.34919,90887112,90887499,2.42949,150865508,150866003
Bbs2;Mt2;Mt3;Mt1;Nup93;Mt4,4.12208,94191242,94191660,2.42949,150865508,150866003
,2.5763,98460896,98461205,2.42949,150865508,150866003
,2.83393,101394512,101394759,2.42949,150865508,150866003
Fbxl8;Tradd,2.58754,105264680,105265013,2.42949,150865508,150866003
Nfatc3,3.1215,106058838,106059090,2.42949,150865508,150866003
Il34,3.09156,110776008,110776346,2.42949,150865508,150866003
Wwox,2.83393,115400187,115400511,2.42949,150865508,150866003
Cdyl2,2.30003,116635927,116636459,2.42949,150865508,150866003
Cdyl2,2.5763,116722902,116723158,2.42949,150865508,150866003
Wfdc1;Atp2c2;Klhl36;Cotl1;Tldc1,2.87504,119783619,119784179,2.42949,150865508,150866003
Cotl1,4.77601,119811981,119812394,2.42949,150865508,150866003
1190005I06Rik;Irf8;Cox4i1;Emc8,5.78149,120715207,120715624,2.42949,150865508,150866003
1190005I06Rik;Irf8;Cox4i1;Emc8,2.44378,120725872,120726319,2.42949,150865508,150866003
Rnf166;Il17c;Piezo1;Gm20735;9330133O14Rik;Ctu2;Cyba;Mvd;Snai3;Zc3h18,4.89498,122463981,122464624,2.42949,150865508,150866003
Trappc2l;Pabpn1l;Acsf3;Galns;Cbfa2t3;Mir6396,2.51645,122702039,122702537,2.42949,150865508,150866003
Ankrd11,4.35865,123034152,123034834,2.42949,150865508,150866003
Sult5a1;Cdk10;Vps9d1;Spg7;4933417D19Rik;Mir7080;Zfp276;Cpne7;Mir7079;Dpep1;Spata33;Spata2l;Rpl13;Chmp1a;Snord68,3.01949,123162715,123163539,2.42949,150865508,150866003
Egln1;Sprtn;Exoc8;Gnpat;2810004N23Rik;Trim67,2.83393,124906192,124906477,2.42949,150865508,150866003
Irf2bp2,3.18595,126584433,126584676,2.42949,150865508,150866003
Rbm34;Tomm20,2.21447,126847607,126848249,2.42949,150865508,150866003
Rbm34;Tomm20,4.74381,126867321,126867916,2.42949,150865508,150866003
Pgr;Arhgap42,2.83393,8969307,8969599,2.42949,150865508,150866003
,3.60682,11579037,11579338,2.42949,150865508,150866003
,2.2681,14092822,14093188,2.42949,150865508,150866003
Panx1,2.51522,15045582,15045826,2.42949,150865508,150866003
Raver1;Mir7082;Zglp1;S1pr5;Cdc37;Keap1;Fdx1l;Mir7667;Pde4a;Raver1-fdx1l;Tyk2,4.63735,21161156,21161532,2.42949,150865508,150866003
Slc44a2,2.87902,21327641,21328020,2.42949,150865508,150866003
Slc44a2,4.4145,21328349,21328802,2.42949,150865508,150866003
St14,3.27522,31130183,31130688,2.42949,150865508,150866003
Tirap,2.72235,35199799,35200352,2.42949,150865508,150866003
Olfr25,2.83393,38331095,38331512,2.42949,150865508,150866003
Sorl1,2.01316,42097144,42097413,2.42949,150865508,150866003
Grik4,6.18313,42838356,42838696,2.42949,150865508,150866003
Thy1,3.34919,44041348,44041665,2.42949,150865508,150866003
Cd3d,2.51522,44986419,44986938,2.42949,150865508,150866003
AI118078,4.19204,55387921,55388294,2.42949,150865508,150866003
Pstpip1,3.86445,56089520,56089839,2.42949,150865508,150866003
Hmg20a,2.89339,56465172,56465468,2.42949,150865508,150866003
Lingo1,2.76506,56680079,56680416,2.42949,150865508,150866003
Trcg1;1700017B05Rik;1700041C23Rik,4.622,57272959,57273212,2.42949,150865508,150866003
Trcg1;Ppcdc;1700017B05Rik;4930430J02Rik,3.14416,57339767,57340041,2.42949,150865508,150866003
Sema7a,2.30003,57956669,57957136,2.42949,150865508,150866003
Ccdc33;Ubl7;Cyp11a1;Sema7a;Gm16130,4.11634,57968546,57969049,2.42949,150865508,150866003
Ccdc33;Ubl7;Cyp11a1;Sema7a;Gm16130,2.73405,57972341,57972869,2.42949,150865508,150866003
Gm5122,2.92842,60999045,60999385,2.42949,150865508,150866003
B930092H01Rik;I730028E13Rik,7.98654,61215912,61216641,2.42949,150865508,150866003
,3.58475,61702474,61702737,2.42949,150865508,150866003
,3.37388,61749069,61749404,2.42949,150865508,150866003
,3.01643,61785799,61786050,2.42949,150865508,150866003
Map2k5,8.16705,63275185,63275451,2.42949,150865508,150866003
Parp16;Cilp;Igdcc3;Igdcc4;Clpx,3.97705,65196686,65197005,2.42949,150865508,150866003
Usp3,3.60252,66589473,66589945,2.42949,150865508,150866003
Elovl5,3.34919,77909686,77910164,2.42949,150865508,150866003
Elovl5,4.05969,77910432,77910992,2.42949,150865508,150866003
,2.61519,85119386,85119654,2.42949,150865508,150866003
Me1,2.83393,86617682,86618012,2.42949,150865508,150866003
Nt5e,4.58515,88329021,88329610,2.42949,150865508,150866003
Nt5e,3.86445,88357268,88357598,2.42949,150865508,150866003
Slc9a9,3.35363,95072468,95072945,2.42949,150865508,150866003
Pls1,2.76506,95832475,95832761,2.42949,150865508,150866003
Tfdp2,2.83393,96245631,96245967,2.42949,150865508,150866003
Atp1b3,4.32657,96364358,96364762,2.42949,150865508,150866003
Trim42;Clstn2,2.83393,97406548,97406823,2.42949,150865508,150866003
7420426K07Rik;2410012M07Rik;Prr23a;Gm6406;E330023G01Rik,3.34919,98825363,98825626,2.42949,150865508,150866003
Slc35g2;Stag1;Nck1,3.60682,100634816,100635144,2.42949,150865508,150866003
Stag1,2.5763,100835310,100835552,2.42949,150865508,150866003
Nudt16,3.35363,105131579,105131896,2.42949,150865508,150866003
Dock3;Cish;Cacna2d2;Hemk1;Mapkapk3;6430571L13Rik,4.20961,107312883,107313313,2.42949,150865508,150866003
Clasp2,2.5763,113835833,113836088,2.42949,150865508,150866003
Glb1,3.82221,114426278,114426704,2.42949,150865508,150866003
Azi2,4.19204,118040579,118040940,2.42949,150865508,150866003
Eomes,2.75533,118477525,118477932,2.42949,150865508,150866003
Eomes;4933432G23Rik;Golga4,3.2678,118488234,118488484,2.42949,150865508,150866003
Cx3cr1;Rpsa;Ccr8;Mobp;Slc25a38;Snora62,3.09156,120133287,120133538,2.42949,150865508,150866003
Sec22c;Lyzl4os;Zfp651;Lyzl4;Nktr;Vipr1;E530011L22Rik;Deb1,2.61519,121675183,121675419,2.42949,150865508,150866003
Zfp445,2.53041,122865267,122865522,2.42949,150865508,150866003
Slc6a20a;Xcr1;Fyco1;Cxcr6;Ccr9;Lztfl1,5.9255,123763734,123764038,2.42949,150865508,150866003
Ccr5,2.61519,124120316,124120550,2.42949,150865508,150866003
Otud5,2.73129,7865516,7865842,2.42949,150865508,150866003
Elf4,2.85058,48433366,48433990,2.42949,150865508,150866003
Hsf3,2.76506,96351457,96351880,2.42949,150865508,150866003
,3.09156,97494502,97494834,2.42949,150865508,150866003
,2.83393,117821558,117821814,2.42949,150865508,150866003
3110007F17Rik,4.12208,123061578,123061816,2.42949,150865508,150866003
Samt4;Samt2,3.09156,154505778,154506076,2.42949,150865508,150866003
Gm8817,2.76506,167037783,167038094,2.42949,150865508,150866003
