Rb1cc1;Fam150a,2.78184,6341448,6341770,5.67192,168673153,168673565
,2.78184,7535602,7535870,5.67192,168673153,168673565
Cpa6,2.78184,10423863,10424143,5.67192,168673153,168673565
Crispld1,2.78184,17808714,17809063,5.67192,168673153,168673565
,3.03473,22160894,22161167,5.67192,168673153,168673565
,2.78184,28083104,28083357,5.67192,168673153,168673565
,3.03473,28307050,28307342,5.67192,168673153,168673565
,2.78166,28996438,28996689,5.67192,168673153,168673565
,3.03473,31890799,31891155,5.67192,168673153,168673565
,2.78184,49309344,49309741,5.67192,168673153,168673565
,3.28741,49311848,49312108,5.67192,168673153,168673565
,3.28763,50091325,50091631,5.67192,168673153,168673565
,3.03473,50300418,50300897,5.67192,168673153,168673565
Ankrd44,2.78184,54722279,54722536,5.67192,168673153,168673565
BC055402,2.52894,57117938,57118213,5.67192,168673153,168673565
Pard3b,3.28763,61787353,61787601,5.67192,168673153,168673565
Spag16,2.56153,69959174,69959586,5.67192,168673153,168673565
Spag16,3.28763,70560318,70560654,5.67192,168673153,168673565
6030407O03Rik,2.52894,73615667,73615917,5.67192,168673153,168673565
,2.52894,94279461,94279730,5.67192,168673153,168673565
Slco6b1;Slco6c1,3.03473,97047309,97047581,5.67192,168673153,168673565
Ppip5k2,2.78184,97706614,97707026,5.67192,168673153,168673565
,2.78184,99184582,99184881,5.67192,168673153,168673565
Serpinb13,3.03473,106982247,106982516,5.67192,168673153,168673565
,3.03473,108384590,108384845,5.67192,168673153,168673565
,3.28763,112460677,112461025,5.67192,168673153,168673565
2900060B14Rik,2.75005,118459205,118459500,5.67192,168673153,168673565
Ptpn4,2.52894,119827551,119827844,5.67192,168673153,168673565
En1;Marco,3.28741,120573443,120573782,5.67192,168673153,168673565
Slc35f5,2.42949,125553016,125553273,5.67192,168673153,168673565
Thsd7b,3.03686,129397395,129397685,5.67192,168673153,168673565
Cfhr1;Gm4788,3.03473,139648648,139648959,5.67192,168673153,168673565
,3.03473,141075507,141075759,5.67192,168673153,168673565
,2.78166,141772648,141773010,5.67192,168673153,168673565
,2.78166,143019884,143020308,5.67192,168673153,168673565
Rgs18,2.78184,144786452,144786719,5.67192,168673153,168673565
,3.03473,146158450,146158745,5.67192,168673153,168673565
,2.78184,147185354,147185620,5.67192,168673153,168673565
,2.78184,147210084,147210385,5.67192,168673153,168673565
,2.63195,147720673,147720946,5.67192,168673153,168673565
Gorab,3.79317,163433231,163433573,5.67192,168673153,168673565
Pou2f1,2.78184,165953276,165953527,5.67192,168673153,168673565
Olfr1406;Olfr1404;Fcer1a;Olfr218;Olfr1408,2.86163,173136370,173136626,5.67192,168673153,168673565
Mnda;Ifi204;AI607873;Mndal;Ifi203,3.03473,173826728,173827096,5.67192,168673153,168673565
Olfr426;Olfr427;Olfr231;Ifi202b;Olfr420;Ifi205;Olfr424;Olfr429;Spta1;Olfr421-ps1;Olfr430;Olfr433;Olfr432,2.52894,174072657,174072969,5.67192,168673153,168673565
Olfr426;Olfr427;Olfr231;Olfr420;Ifi205;Olfr424;Olfr429;Spta1;Olfr421-ps1;Olfr430;Olfr433;Olfr432,2.78166,174121494,174121772,5.67192,168673153,168673565
Ppp2r5a;Nenf;Tmem206;Atf3;Fam71a,3.54052,191257661,191258066,5.67192,168673153,168673565
,2.78184,15706975,15707232,5.67192,168673153,168673565
Epb4.1l2;Smlr1,3.28741,25549568,25549963,5.67192,168673153,168673565
,3.03473,38205457,38205783,5.67192,168673153,168673565
Sobp;Scml4,3.28763,42990080,42990331,5.67192,168673153,168673565
Snord14d;Snord14c,2.78184,46190299,46190601,5.67192,168673153,168673565
Grik2,2.78166,49360253,49360581,5.67192,168673153,168673565
Jmjd1c,3.54052,67141880,67142179,5.67192,168673153,168673565
Egr2;Ado,3.03473,67451889,67452185,5.67192,168673153,168673565
,2.78184,67675750,67676047,5.67192,168673153,168673565
,2.51159,73499072,73499377,5.67192,168673153,168673565
Pcdh15,2.78184,74575748,74576056,5.67192,168673153,168673565
,2.83955,93041750,93042018,5.67192,168673153,168673565
Elk3,3.28763,93274432,93274715,5.67192,168673153,168673565
Gm10754,2.78184,97993289,97993541,5.67192,168673153,168673565
Mgat4c,2.52894,101639606,101639906,5.67192,168673153,168673565
Mgat4c,2.52894,101959933,101960188,5.67192,168673153,168673565
Gm20765;Gm21312;Gm6763;Mir6411;Gm21293;Gm4340;Gm8764;Gm21304,2.52878,104242479,104242757,5.67192,168673153,168673565
Otogl,2.78184,107788493,107788903,5.67192,168673153,168673565
Hmga2,3.03473,120448420,120448713,5.67192,168673153,168673565
Mon2,2.78166,123057084,123057333,5.67192,168673153,168673565
Fam19a2,2.78184,123538307,123538599,5.67192,168673153,168673565
Olfr788;Olfr787;Olfr786;Olfr784;Olfr782;Olfr781;Olfr780,3.28763,129376413,129376714,5.67192,168673153,168673565
Olfr791,3.03473,129523804,129524093,5.67192,168673153,168673565
,3.03453,7685303,7685639,5.67192,168673153,168673565
,2.78184,13764886,13765211,5.67192,168673153,168673565
Egfr,3.28763,16878705,16879160,5.67192,168673153,168673565
Egfr,2.78184,16899720,16900034,5.67192,168673153,168673565
Stc2,3.03453,31326377,31326639,5.67192,168673153,168673565
,2.52894,37648578,37648851,5.67192,168673153,168673565
,2.78184,38929401,38929917,5.67192,168673153,168673565
,3.03473,39261918,39262167,5.67192,168673153,168673565
Ebf1,3.03453,44993216,44993476,5.67192,168673153,168673565
,2.78166,48673061,48673372,5.67192,168673153,168673565
Pdlim4;P4ha2;4933405E24Rik;Csf2,5.19396,54162995,54163279,5.67192,168673153,168673565
Hint1,2.46057,54866521,54866857,5.67192,168673153,168673565
Olfr311;Olfr312;Olfr313;Olfr314;Olfr315;Olfr316;Olfr317;Olfr318;Olfr319;Olfr320;Olfr322;Trim58;Fam183b,3.28763,58746347,58746643,5.67192,168673153,168673565
Smg6,2.77499,75137028,75137336,5.67192,168673153,168673565
Tex14;Mir8115,2.78184,87441961,87442209,5.67192,168673153,168673565
Car10,2.52878,93234553,93234817,5.67192,168673153,168673565
Lasp1,3.33857,97808605,97808859,5.67192,168673153,168673565
Fbxo47;Cacnb1;Plxdc1;Lasp1;B230217C12Rik;Arl5c,3.03453,97920535,97920832,5.67192,168673153,168673565
Mapt,2.52894,104319466,104319717,5.67192,168673153,168673565
Prkca,2.78184,108083011,108083380,5.67192,168673153,168673565
Ncoa1,3.28763,4292182,4292471,5.67192,168673153,168673565
,2.78184,6283230,6283540,5.67192,168673153,168673565
,3.28763,15627289,15627538,5.67192,168673153,168673565
Hdac9;Prps1l1;Snx13,2.52878,35003246,35003539,5.67192,168673153,168673565
Tspan13;Agr2;Agr3,3.03473,35975940,35976242,5.67192,168673153,168673565
,2.78184,39747670,39747918,5.67192,168673153,168673565
Immp2l,3.03473,41093488,41093756,5.67192,168673153,168673565
Gm2027;Dnajb9;Mir5627;Pnpla8,2.52894,44186209,44186463,5.67192,168673153,168673565
,2.78184,45677929,45678278,5.67192,168673153,168673565
,3.28763,51168257,51168649,5.67192,168673153,168673565
Baz1a,2.52894,54947476,54947822,5.67192,168673153,168673565
Mipol1,2.89556,57309698,57309957,5.67192,168673153,168673565
,3.3791,57914956,57915373,5.67192,168673153,168673565
Gemin2,2.78184,59022561,59022811,5.67192,168673153,168673565
,3.03473,60390218,60390560,5.67192,168673153,168673565
,3.28763,63236768,63237029,5.67192,168673153,168673565
,2.78184,64307098,64307386,5.67192,168673153,168673565
Klhl28,3.28763,64946559,64946951,5.67192,168673153,168673565
Sos2,3.03453,69624364,69624663,5.67192,168673153,168673565
Daam1,3.79342,71776974,71777315,5.67192,168673153,168673565
Syt16,3.03473,74191642,74191924,5.67192,168673153,168673565
,2.52878,74758654,74758924,5.67192,168673153,168673565
Kcnh5,2.52894,74977438,74977769,5.67192,168673153,168673565
Smoc1;Slc8a3;Mir3067,2.52894,81193915,81194238,5.67192,168673153,168673565
Tmed10;Fos;Zc2hc1c;Nek9,5.56331,85382849,85383387,5.67192,168673153,168673565
,2.78184,95295484,95295737,5.67192,168673153,168673565
Ppp4r4,2.478,103579196,103579482,5.67192,168673153,168673565
,3.03473,114096247,114096546,5.67192,168673153,168673565
,2.78184,118708766,118709052,5.67192,168673153,168673565
,2.78166,118720797,118721110,5.67192,168673153,168673565
,3.28763,6752658,6752970,5.67192,168673153,168673565
Dip2c,3.79342,9518959,9519218,5.67192,168673153,168673565
Chrm3,3.79342,10071474,10071918,5.67192,168673153,168673565
Prl2c5,3.28763,13130340,13130649,5.67192,168673153,168673565
Lyst,2.52894,13674213,13674492,5.67192,168673153,168673565
,2.52894,16603766,16604027,5.67192,168673153,168673565
Sugct,3.03473,17642116,17642389,5.67192,168673153,168673565
Cdk13,3.03453,17750602,17750949,5.67192,168673153,168673565
Vmn1r194;Vmn1r191;Vmn1r192;Vmn1r193;Vmn1r189;Vmn1r188,3.03473,22158582,22158962,5.67192,168673153,168673565
Tubb2a,2.78184,34077639,34077942,5.67192,168673153,168673565
,2.48936,66275508,66275866,5.67192,168673153,168673565
,2.43452,66297560,66297953,5.67192,168673153,168673565
2410141K09Rik,3.22912,66402952,66403576,5.67192,168673153,168673565
,3.3791,66637393,66637704,5.67192,168673153,168673565
,2.25568,66739159,66739412,5.67192,168673153,168673565
Mctp1,2.78184,76750411,76750680,5.67192,168673153,168673565
Mctp1,3.28763,76962954,76963240,5.67192,168673153,168673565
Fam172a,3.28763,77958842,77959212,5.67192,168673153,168673565
,2.52894,82541767,82542025,5.67192,168673153,168673565
Tmem161b,3.28763,84282092,84282411,5.67192,168673153,168673565
,2.83441,88222665,88223227,5.67192,168673153,168673565
Jmy,3.03473,93470042,93470327,5.67192,168673153,168673565
,2.52894,115456511,115456775,5.67192,168673153,168673565
Emb,2.52894,117327691,117327951,5.67192,168673153,168673565
Hcn1,3.03453,117807866,117808116,5.67192,168673153,168673565
,2.52878,9137160,9137441,5.67192,168673153,168673565
Rarb,2.52894,16689754,16690038,5.67192,168673153,168673565
Slmap,2.78166,26467200,26467496,5.67192,168673153,168673565
1810011H11Rik,3.54052,32784154,32784659,5.67192,168673153,168673565
Nrg3,3.54029,39363203,39363461,5.67192,168673153,168673565
,2.78184,44385238,44385581,5.67192,168673153,168673565
Txndc16;Ptger2,2.78166,45088991,45089304,5.67192,168673153,168673565
Olfr723;Olfr722;Olfr725;Olfr724,2.52878,49949524,49949875,5.67192,168673153,168673565
Olfr739,2.78184,50425780,50426066,5.67192,168673153,168673565
Sdr39u1;Gm5801;Nfatc4;Nynrin;Cbln3;Cma2;Cma1;Khnyn;Mcpt-ps1,9.11059,55913431,55913785,5.67192,168673153,168673565
Gzmf;Atp12a;Gzmb;Gzmc,2.63195,56274637,56274916,5.67192,168673153,168673565
,3.03473,58569297,58569593,5.67192,168673153,168673565
,3.28763,71541748,71542008,5.67192,168673153,168673565
Gm9199;Cysltr2,3.28763,72962048,72962321,5.67192,168673153,168673565
Lrrc63;Lcp1,2.51159,75132062,75132346,5.67192,168673153,168673565
,2.52878,80942999,80943321,5.67192,168673153,168673565
,3.03473,81601457,81601766,5.67192,168673153,168673565
,2.78166,81963905,81964191,5.67192,168673153,168673565
,2.78184,82386304,82386567,5.67192,168673153,168673565
Diap3,3.54052,86946196,86946505,5.67192,168673153,168673565
,2.52894,89421619,89421909,5.67192,168673153,168673565
4930474H20Rik,3.03473,90332447,90332835,5.67192,168673153,168673565
,2.52894,92771897,92772244,5.67192,168673153,168673565
,2.63195,95769511,95769764,5.67192,168673153,168673565
,2.78184,108259636,108259969,5.67192,168673153,168673565
,3.54029,108652709,108653044,5.67192,168673153,168673565
Mir3964,2.78184,109534073,109534369,5.67192,168673153,168673565
Cldn10,2.78184,118864351,118864617,5.67192,168673153,168673565
Dnajc3,2.78166,118963070,118963335,5.67192,168673153,168673565
Hs6st3,3.03473,119396891,119397140,5.67192,168673153,168673565
Egflam,3.03473,7271461,7271729,5.67192,168673153,168673565
,3.03453,16497343,16497598,5.67192,168673153,168673565
Cdh12,2.78184,21297003,21297284,5.67192,168673153,168673565
,3.03473,25244171,25244490,5.67192,168673153,168673565
Dap;4930430F21Rik,3.54029,31137141,31137462,5.67192,168673153,168673565
Mtdh,2.78166,34055816,34056111,5.67192,168673153,168673565
BC048602;Osr2;Vps13b,2.78184,35288515,35288969,5.67192,168673153,168673565
Zfpm2,3.28741,40711540,40711809,5.67192,168673153,168673565
,3.03473,47416175,47416494,5.67192,168673153,168673565
Csmd3,2.86163,47934472,47934733,5.67192,168673153,168673565
,3.28763,49232902,49233214,5.67192,168673153,168673565
,3.03473,49378055,49378373,5.67192,168673153,168673565
Trps1,2.52894,50680388,50680652,5.67192,168673153,168673565
Deptor,5.31043,55160622,55160966,5.67192,168673153,168673565
Sntb1,4.50546,55838850,55839168,5.67192,168673153,168673565
,3.54052,57043974,57044246,5.67192,168673153,168673565
Lrrc6,2.5905,66445588,66446039,5.67192,168673153,168673565
Tg;Sla,5.2639,66825618,66825963,5.67192,168673153,168673565
Ncf4,3.23932,78248537,78248844,5.67192,168673153,168673565
Tnrc6b,3.03473,80848644,80848997,5.67192,168673153,168673565
Cpne8,3.28763,90627721,90627983,5.67192,168673153,168673565
Pus7l;Twf1;Irak4;Tmem117,2.52894,94602137,94602455,5.67192,168673153,168673565
Mucl1,2.99484,103774465,103774749,5.67192,168673153,168673565
Mucl1,2.52894,103789859,103790108,5.67192,168673153,168673565
Crebbp,2.52894,4141530,4141822,5.67192,168673153,168673565
Grin2a,2.42949,9599042,9599358,5.67192,168673153,168673565
Liph,3.03473,21973195,21973549,5.67192,168673153,168673565
Rtp1;Masp1;St6gal1,2.52894,23447198,23447541,5.67192,168673153,168673565
Trp63,2.78184,25821226,25821554,5.67192,168673153,168673565
Cd96;Plcxd2,3.28741,45949977,45950344,5.67192,168673153,168673565
,2.52894,47064920,47065225,5.67192,168673153,168673565
,2.63195,47803849,47804171,5.67192,168673153,168673565
,2.78184,51530706,51530992,5.67192,168673153,168673565
,2.63195,58250773,58251222,5.67192,168673153,168673565
Epha6,2.78184,60002471,60002723,5.67192,168673153,168673565
Epha3,2.78166,63646476,63646921,5.67192,168673153,168673565
,2.63195,65351752,65352092,5.67192,168673153,168673565
,2.52894,66125261,66125558,5.67192,168673153,168673565
Cadm2,2.78184,66983417,66983707,5.67192,168673153,168673565
,3.03473,67918746,67919004,5.67192,168673153,168673565
,3.03473,68406418,68406747,5.67192,168673153,168673565
Robo1,3.03473,72619544,72619816,5.67192,168673153,168673565
4930578N18Rik;Nrip1,4.76939,76225216,76225806,5.67192,168673153,168673565
2810055G20Rik,2.78184,77552931,77553265,5.67192,168673153,168673565
,3.28741,78732069,78732340,5.67192,168673153,168673565
,3.54052,79972524,79972886,5.67192,168673153,168673565
,3.03473,82259853,82260398,5.67192,168673153,168673565
,3.54029,83263246,83263576,5.67192,168673153,168673565
Cldn8;Cldn17;Krtap24-1,2.52894,88515999,88516321,5.67192,168673153,168673565
,3.03473,16261451,16261741,5.67192,168673153,168673565
Vmn2r112,2.78184,22614177,22614509,5.67192,168673153,168673565
Tbc1d22b;Tbc1d22bos;Tmem217;Pim1,4.04605,29510536,29510995,5.67192,168673153,168673565
Dnah8;Umodl1;Glp1r,3.28741,30951036,30951391,5.67192,168673153,168673565
H2-Eb2,4.43387,34329789,34330241,5.67192,168673153,168673565
Plcl2,3.33857,50499322,50499611,5.67192,168673153,168673565
Satb1,3.03473,51780387,51780690,5.67192,168673153,168673565
Emr4,2.78166,55830774,55831073,5.67192,168673153,168673565
,3.20191,60624421,60624873,5.67192,168673153,168673565
Man2a1,3.03473,64656764,64657068,5.67192,168673153,168673565
L3mbtl4,2.52878,68382310,68382671,5.67192,168673153,168673565
L3mbtl4,2.83441,68547633,68547900,5.67192,168673153,168673565
Epb4.1l3;2410021H03Rik;Zbtb14,2.78184,69313109,69313419,5.67192,168673153,168673565
,2.52894,69855105,69855365,5.67192,168673153,168673565
Alk,2.78166,72575574,72575946,5.67192,168673153,168673565
Srd5a2;Xdh,2.52878,73980284,73980541,5.67192,168673153,168673565
4930429F11Rik;Gm10494;Rmdn2,3.03473,79577790,79578144,5.67192,168673153,168673565
Sos1,2.52894,80431306,80431583,5.67192,168673153,168673565
,2.52894,82574983,82575237,5.67192,168673153,168673565
Socs5;C330024C12Rik,2.52894,87143040,87143289,5.67192,168673153,168673565
Nrxn1,3.03473,90229232,90229541,5.67192,168673153,168673565
,2.52894,93481677,93481965,5.67192,168673153,168673565
Ccny,2.78166,9433839,9434127,5.67192,168673153,168673565
Cdh2,2.52894,16799896,16800178,5.67192,168673153,168673565
Igip;Pura;4930471G03Rik;Nrg2,3.28763,36199928,36200227,5.67192,168673153,168673565
Cystm1,2.78184,36352551,36352862,5.67192,168673153,168673565
Plac8l1,2.52894,42179567,42179852,5.67192,168673153,168673565
Ppp2r2b,2.62316,43026739,43027014,5.67192,168673153,168673565
Dcp2;Npy6r;Myot,2.86163,44316906,44317269,5.67192,168673153,168673565
Cdo1,2.78184,46723621,46723907,5.67192,168673153,168673565
,3.03473,48943701,48943973,5.67192,168673153,168673565
,3.79342,55573952,55574338,5.67192,168673153,168673565
,3.28763,55618350,55618690,5.67192,168673153,168673565
Rab27b,3.28763,70135317,70135674,5.67192,168673153,168673565
Ccdc11,3.54052,74287885,74288138,5.67192,168673153,168673565
Nfatc1;Gm2176,2.52894,80598865,80599117,5.67192,168673153,168673565
,2.78184,85803036,85803301,5.67192,168673153,168673565
,2.78184,87093863,87094209,5.67192,168673153,168673565
,3.79342,88185852,88186162,5.67192,168673153,168673565
Mir6359;Socs6;Rttn,2.70328,88925020,88925413,5.67192,168673153,168673565
Dtx4;Mpeg1;Olfr1440;Olfr1441;Mir466f-1;Pfpl,2.78184,12456281,12456636,5.67192,168673153,168673565
Dtx4,6.57525,12473061,12473669,5.67192,168673153,168673565
,3.03453,26157820,26158204,5.67192,168673153,168673565
Rfx3,3.79342,28025858,28026300,5.67192,168673153,168673565
Lipk,2.52894,34005882,34006237,5.67192,168673153,168673565
,3.54052,35548434,35548692,5.67192,168673153,168673565
Wnt8b;Scd1;Sec31b;Ndufb8,5.31078,44461519,44461810,5.67192,168673153,168673565
Sufu,2.77499,46479011,46479314,5.67192,168673153,168673565
Dusp5;Smc3;Rbm20,3.03473,53590461,53590803,5.67192,168673153,168673565
,3.03453,5482,5753,5.67192,168673153,168673565
,3.54052,8124,8394,5.67192,168673153,168673565
,2.24053,103156,103408,5.67192,168673153,168673565
,3.44178,104752,105193,5.67192,168673153,168673565
,2.93029,46144,46492,5.67192,168673153,168673565
Csprs,2.63195,44051,44460,5.67192,168673153,168673565
Csprs,2.86962,163940,164320,5.67192,168673153,168673565
Celf2,3.54052,7137226,7137623,5.67192,168673153,168673565
,3.03473,12675400,12675695,5.67192,168673153,168673565
St8sia6;Trdmt1;Vim,4.5521,13616968,13617314,5.67192,168673153,168673565
Mir3967;Gad2,3.03453,22614942,22615225,5.67192,168673153,168673565
Lcn5;Lcn6;Lcn3;Obp2b;Obp2a;Lcn9;Lcn8;Bmyc;Gm13539;Lcn11;Lcn10;Glt6d1,2.83441,25741028,25741348,5.67192,168673153,168673565
Fam102a;Naif1;Dpm2;Slc25a25;St6galnac6;St6galnac4;Pip5kl1,4.80468,32509224,32509712,5.67192,168673153,168673565
,2.78184,39556711,39556964,5.67192,168673153,168673565
Lrp1b,2.78184,42188263,42188556,5.67192,168673153,168673565
,2.78166,56166039,56166316,5.67192,168673153,168673565
Gm13629,3.03473,66452476,66452846,5.67192,168673153,168673565
Stk39;4933409G03Rik,2.78184,68511885,68512143,5.67192,168673153,168673565
Pde11a;Agps;Ttc30a2;Ttc30b;Ttc30a1,3.03473,75990769,75991019,5.67192,168673153,168673565
Gm14461,3.28763,78374503,78374798,5.67192,168673153,168673565
,3.03473,81648614,81648868,5.67192,168673153,168673565
Olfr1231;Olfr1230;Olfr1233;Olfr1232;Olfr1240;Olfr1234;Olfr1229;Olfr1239;Olfr1238,2.78184,89379644,89379985,5.67192,168673153,168673565
Olfr1245;Olfr1240;Olfr1241;Olfr1242;Olfr1243;Olfr1239;Olfr1238,3.03453,89486573,89486822,5.67192,168673153,168673565
Hsd17b12;Mir670;Ttc17;Mir129-2;Mir129b,3.03473,94228386,94228685,5.67192,168673153,168673565
,2.78184,95451617,95451885,5.67192,168673153,168673565
,2.52894,98968312,98968629,5.67192,168673153,168673565
Ccdc73,2.78184,104941992,104942573,5.67192,168673153,168673565
Elp4,3.03473,105808671,105808986,5.67192,168673153,168673565
,3.03473,108308836,108309086,5.67192,168673153,168673565
Slc5a12,3.03473,110624832,110625092,5.67192,168673153,168673565
Ano3,3.03473,110920174,110920601,5.67192,168673153,168673565
Fmn1,3.03473,113559778,113560162,5.67192,168673153,168673565
Scg5;Arhgap11a,6.32195,113903068,113903425,5.67192,168673153,168673565
Dph6,2.52894,114504061,114504388,5.67192,168673153,168673565
Macrod2,2.42949,141177221,141177470,5.67192,168673153,168673565
,3.39829,145046934,145047249,5.67192,168673153,168673565
Xkr7;Ccm2l;Ttll9;Tm9sf4;Pdrg1;Hck,2.478,153098792,153099109,5.67192,168673153,168673565
Tgm2;2010009K17Rik;Bpi;1700060C20Rik;Rprd1b;Mir7685;D630003M21Rik,3.28763,158159851,158160193,5.67192,168673153,168673565
Nfatc2,2.78184,168533700,168533981,5.67192,168673153,168673565
Hnf4g,3.03473,3674827,3675091,5.67192,168673153,168673565
,3.79317,5031571,5031844,5.67192,168673153,168673565
,2.42949,10940675,10940949,5.67192,168673153,168673565
Gm9733;Sirpb1a,2.78184,15288131,15288487,5.67192,168673153,168673565
,3.03473,22557834,22558133,5.67192,168673153,168673565
Tnik,2.78184,28453640,28453948,5.67192,168673153,168673565
3110057O12Rik,2.78184,40927310,40927629,5.67192,168673153,168673565
,2.78166,45671556,45672036,5.67192,168673153,168673565
,3.03473,47136947,47137263,5.67192,168673153,168673565
,3.28763,48725962,48726258,5.67192,168673153,168673565
,2.78166,53966773,53967082,5.67192,168673153,168673565
P2ry12;Med12l,2.52878,59251000,59251305,5.67192,168673153,168673565
Gm5538,3.28763,59684417,59684782,5.67192,168673153,168673565
Aadacl2,2.62316,60014080,60014381,5.67192,168673153,168673565
Vmn2r4;Vmn2r3,2.78184,64373330,64373596,5.67192,168673153,168673565
Rsrc1,2.42949,67266586,67266854,5.67192,168673153,168673565
,3.03453,72738066,72738336,5.67192,168673153,168673565
,2.52894,72745877,72746409,5.67192,168673153,168673565
Serpini2,2.78166,75251639,75251897,5.67192,168673153,168673565
,3.03473,77620620,77620871,5.67192,168673153,168673565
,3.03473,81722541,81722966,5.67192,168673153,168673565
4930529C04Rik;9130204L05Rik,3.03453,91165273,91165526,5.67192,168673153,168673565
,3.17612,91280641,91281027,5.67192,168673153,168673565
,2.42949,91411015,91411298,5.67192,168673153,168673565
Spag17,3.28763,99991164,99991494,5.67192,168673153,168673565
Man1a2,2.42949,100590537,100590849,5.67192,168673153,168673565
Dennd2c,2.63195,103134555,103134928,5.67192,168673153,168673565
Chil3;Chia1;Ovgp1;Pifo,2.78166,106075169,106075486,5.67192,168673153,168673565
,2.78166,112688824,112689144,5.67192,168673153,168673565
Col11a1,3.54052,113984539,113984919,5.67192,168673153,168673565
,2.78166,114329159,114329414,5.67192,168673153,168673565
,2.78166,114620857,114621151,5.67192,168673153,168673565
,3.03473,118226958,118227212,5.67192,168673153,168673565
Usp53,2.52894,122946926,122947280,5.67192,168673153,168673565
Camk2d;Arsj,3.03473,126505790,126506058,5.67192,168673153,168673565
LOC100862268,3.03473,127215856,127216173,5.67192,168673153,168673565
,3.03453,128377316,128377588,5.67192,168673153,168673565
,3.54052,137042559,137042833,5.67192,168673153,168673565
,3.03473,137097134,137097399,5.67192,168673153,168673565
Pdha2,2.52878,141180886,141181159,5.67192,168673153,168673565
9330178D15Rik,2.52894,156067134,156067383,5.67192,168673153,168673565
,2.78184,158793882,158794230,5.67192,168673153,168673565
,2.78184,5406335,5406585,5.67192,168673153,168673565
,2.5905,9015795,9016118,5.67192,168673153,168673565
1110037F02Rik,10.4927,11492716,11493650,5.67192,168673153,168673565
Rbm12b1,2.76916,12142733,12142995,5.67192,168673153,168673565
,2.63195,13319241,13319500,5.67192,168673153,168673565
,3.28763,18374460,18374805,5.67192,168673153,168673565
Nkain3,3.03453,20621555,20621875,5.67192,168673153,168673565
Pou3f2,2.52878,22559807,22560093,5.67192,168673153,168673565
Mms22l,2.52894,24474852,24475281,5.67192,168673153,168673565
,3.03473,28665332,28665812,5.67192,168673153,168673565
Lingo2,2.78166,36466870,36467162,5.67192,168673153,168673565
Lingo2,3.54029,36894567,36894825,5.67192,168673153,168673565
,3.54052,37076387,37076702,5.67192,168673153,168673565
Aptx;4933428C19Rik,2.78184,40617940,40618441,5.67192,168673153,168673565
,3.03473,50492044,50492294,5.67192,168673153,168673565
,2.63195,52190337,52190610,5.67192,168673153,168673565
,3.28763,69383930,69384313,5.67192,168673153,168673565
,3.03473,69648921,69649270,5.67192,168673153,168673565
,2.52894,71253104,71253358,5.67192,168673153,168673565
Ptprd,2.52878,76205350,76205615,5.67192,168673153,168673565
Ptprd,2.52894,77182099,77182378,5.67192,168673153,168673565
Snapc3;Ttc39b;Psip1;Gm11413,2.4339,83370810,83371122,5.67192,168673153,168673565
Ccdc171,2.52894,83738699,83739092,5.67192,168673153,168673565
,3.44178,91739414,91739771,5.67192,168673153,168673565
Faf1,2.52878,109892102,109892415,5.67192,168673153,168673565
Smap2,3.03686,121008526,121008848,5.67192,168673153,168673565
,2.478,121915970,121916225,5.67192,168673153,168673565
,3.03473,6001674,6001944,5.67192,168673153,168673565
,3.03473,6280962,6281643,5.67192,168673153,168673565
Zfp804b,3.03686,6815585,6815913,5.67192,168673153,168673565
Reln,2.62316,22002827,22003126,5.67192,168673153,168673565
Gm1979;Gm21671;Gm5862;Actr3b,2.78166,25923977,25924359,5.67192,168673153,168673565
4930584F24Rik,2.42949,26388368,26388626,5.67192,168673153,168673565
Pisd;Prr14l;Yes1,3.79342,32726518,32726924,5.67192,168673153,168673565
Poln,3.03686,34063303,34063875,5.67192,168673153,168673565
,2.52894,58989117,58989383,5.67192,168673153,168673565
Guf1,3.54482,69556679,69556931,5.67192,168673153,168673565
Gabrb1,3.03473,72094423,72094723,5.67192,168673153,168673565
Pea15b;Igfbp7;Polr2b,2.36322,77416468,77416719,5.67192,168673153,168673565
Mir1187,3.28741,82862042,82862291,5.67192,168673153,168673565
,2.42949,84810869,84811159,5.67192,168673153,168673565
Npffr2;Adamts3;Gm7056,2.78166,89657432,89657686,5.67192,168673153,168673565
Paqr3;Bmp2k,3.03473,97156126,97156491,5.67192,168673153,168673565
Arhgap24,4.50546,102524560,102524907,5.67192,168673153,168673565
Brdt,2.78184,107361969,107362337,5.67192,168673153,168673565
1700047L14Rik;Fgfrl1;Dgkq;Slc26a1;Gak;Vmn2r8;Tmem175;Idua;Tmed11,3.28741,108726508,108726842,5.67192,168673153,168673565
P2rx7,2.92855,122644424,122644700,5.67192,168673153,168673565
P2rx7,4.60903,122645229,122645574,5.67192,168673153,168673565
P2rx7,3.79342,122669165,122669557,5.67192,168673153,168673565
Psmd9;Setd1b;Tmem120b;Rhof;Hpd,3.79342,123214829,123215130,5.67192,168673153,168673565
Eif3b;Chst12;Lfng;Grifin;Ttyh3,2.78184,140532821,140533125,5.67192,168673153,168673565
Eif2ak1;Cyth3;D130017N08Rik;Usp42,2.78166,143781446,143781703,5.67192,168673153,168673565
Slc25a13,2.78184,6254674,6254994,5.67192,168673153,168673565
,2.78184,19032719,19032979,5.67192,168673153,168673565
Grm8,2.52894,27724244,27724581,5.67192,168673153,168673565
Mtpn,2.52894,35558596,35558864,5.67192,168673153,168673565
Olfr441;Olfr444;Olfr446,3.27264,43022320,43022608,5.67192,168673153,168673565
Cntnap2,2.78184,46707438,46707793,5.67192,168673153,168673565
Tmem176a;Tmem176b;Gimap4;Gimap5;Gimap6;Gimap7;Gimap1;Gimap3,4.92115,48784930,48785421,5.67192,168673153,168673565
,2.42949,59732138,59732529,5.67192,168673153,168673565
,2.78166,65263152,65263434,5.67192,168673153,168673565
,3.28741,67927248,67927613,5.67192,168673153,168673565
,3.03473,68429981,68430317,5.67192,168673153,168673565
Rprl1,3.03453,69244115,69244550,5.67192,168673153,168673565
,2.78184,79696767,79697021,5.67192,168673153,168673565
Raf1,2.78184,115650649,115650911,5.67192,168673153,168673565
Vmn2r21,2.78184,123535072,123535397,5.67192,168673153,168673565
9330179D12Rik;D130058E03,2.52894,127265734,127266066,5.67192,168673153,168673565
,3.03473,130855091,130855448,5.67192,168673153,168673565
5530400C23Rik,3.03453,133239133,133239402,5.67192,168673153,168673565
E330021D16Rik;Gm8994,3.28741,136352558,136352837,5.67192,168673153,168673565
,3.64424,140241174,140241480,5.67192,168673153,168673565
Vmn1r84;Gm4224;Vmn1r81;Vmn1r80;Vmn1r83;Vmn1r82,3.28741,12286478,12286862,5.67192,168673153,168673565
Vmn1r142;Gm16442;Gm6164;Vmn1r93;Gm4498;Vmn1r95,3.28763,20214309,20214570,5.67192,168673153,168673565
Cyp2a22;Cyp2a12,4.29892,27015351,27015707,5.67192,168673153,168673565
Prmt3;Htatip2,3.03473,49741113,49741361,5.67192,168673153,168673565
,2.52894,71806199,71806527,5.67192,168673153,168673565
,3.3791,88676435,88676718,5.67192,168673153,168673565
Crebzf;Ccdc89;Tmem126a;Tmem126b;Sytl2,2.52894,90492443,90492792,5.67192,168673153,168673565
,2.78184,90935909,90936215,5.67192,168673153,168673565
,2.86163,93464543,93464980,5.67192,168673153,168673565
Rnf169,3.28763,99956464,99956800,5.67192,168673153,168673565
Kcne3;Lipt2;Pgm2l1;P4ha3;Pold3;Gpx2-ps1,3.28741,100213688,100214008,5.67192,168673153,168673565
Fchsd2,2.63195,101151305,101151684,5.67192,168673153,168673565
Trim30a,3.03453,104467109,104467401,5.67192,168673153,168673565
Olfr661;Olfr663;Olfr655;Olfr657;Olfr656;Usp17le;Olfr659;Olfr658,2.78166,104696055,104696339,5.67192,168673153,168673565
Cckbr;Fam160a2;Olfr688;Olfr689;Cnga4;Gm5901;Olfr691;Olfr690;Olfr692,2.52894,105357593,105357870,5.67192,168673153,168673565
,2.52894,115276731,115277041,5.67192,168673153,168673565
Mgmt,3.03473,136868278,136868608,5.67192,168673153,168673565
,3.03473,5724794,5725079,5.67192,168673153,168673565
,3.03473,6942536,6942796,5.67192,168673153,168673565
Rab20,2.36524,11463693,11464281,5.67192,168673153,168673565
Adam9,2.52878,24952965,24953352,5.67192,168673153,168673565
,3.03453,32614151,32614419,5.67192,168673153,168673565
Tusc3,3.28763,38968255,38968555,5.67192,168673153,168673565
Tusc3,2.52894,39066392,39066694,5.67192,168673153,168673565
,2.92855,52199565,52199848,5.67192,168673153,168673565
,2.52894,52435787,52436058,5.67192,168673153,168673565
Wdr17,3.28763,54692107,54692420,5.67192,168673153,168673565
Galntl6;BC030500,3.03473,58988583,58989093,5.67192,168673153,168673565
Spock3,2.78166,63028693,63029007,5.67192,168673153,168673565
Tom1;Isx;Hmgxb4,2.52878,74959473,74959805,5.67192,168673153,168673565
,2.52894,98041076,98041336,5.67192,168673153,168673565
,2.78184,98909282,98909538,5.67192,168673153,168673565
Cdyl2,2.42949,116659258,116659514,5.67192,168673153,168673565
Cdh13,3.54052,119207779,119208093,5.67192,168673153,168673565
Ankrd11,2.78166,122906918,122907166,5.67192,168673153,168673565
Nrp1,2.78184,128485037,128485362,5.67192,168673153,168673565
Alkbh8,3.03473,3366044,3366306,5.67192,168673153,168673565
,3.03473,4142213,4142553,5.67192,168673153,168673565
Gm16833;Arhgap42,3.03473,9326574,9326873,5.67192,168673153,168673565
,3.54052,9387195,9387587,5.67192,168673153,168673565
,6.06947,11513910,11514292,5.67192,168673153,168673565
Npsr1,3.28763,24157860,24158188,5.67192,168673153,168673565
Fam118b,2.52894,35261897,35262166,5.67192,168673153,168673565
Olfr916;Olfr917;Olfr914;Olfr915;Olfr912;Olfr913;Olfr910;Vwa5a;Olfr918;Olfr919;Olfr911-ps1,2.83441,38622159,38622497,5.67192,168673153,168673565
Cul5,2.52894,53622107,53622368,5.67192,168673153,168673565
Neo1,3.03473,58916590,58916851,5.67192,168673153,168673565
Myo9a,2.78166,59843157,59843426,5.67192,168673153,168673565
Smad3,4.55763,63716233,63716545,5.67192,168673153,168673565
Csnk1g1,2.78184,65935144,65935436,5.67192,168673153,168673565
Tcf12,2.58868,72045760,72046019,5.67192,168673153,168673565
Mlip,2.78166,77163192,77163501,5.67192,168673153,168673565
,3.1001,79006961,79007301,5.67192,168673153,168673565
,3.03473,80781241,80781588,5.67192,168673153,168673565
Ttk;Elovl4,2.78166,83828295,83828556,5.67192,168673153,168673565
Bckdhb,2.78184,84016894,84017177,5.67192,168673153,168673565
,2.36769,1198,1723,5.67192,168673153,168673565
Pisd-ps3,1.4797,236,492,5.67192,168673153,168673565
Pisd-ps3,1.90913,19743,20035,5.67192,168673153,168673565
Pisd-ps3,1.68856,20964,21448,5.67192,168673153,168673565
Pisd-ps3,1.48273,43161,43486,5.67192,168673153,168673565
Pisd-ps3,1.43084,70793,71277,5.67192,168673153,168673565
Pisd-ps3,1.29055,73103,73413,5.67192,168673153,168673565
Pisd-ps3,1.60999,75782,76091,5.67192,168673153,168673565
Pisd-ps3,1.07132,78638,79468,5.67192,168673153,168673565
Pisd-ps3,1.48718,84764,85122,5.67192,168673153,168673565
Pisd-ps3,1.38702,85513,85828,5.67192,168673153,168673565
Pisd-ps3,1.31767,89344,89835,5.67192,168673153,168673565
Pisd-ps3,1.31341,91241,91518,5.67192,168673153,168673565
Pisd-ps3,1.37524,93903,94214,5.67192,168673153,168673565
Pisd-ps3,1.39793,94621,94944,5.67192,168673153,168673565
Pisd-ps3,1.40684,97060,97553,5.67192,168673153,168673565
Pisd-ps3,1.38254,100489,100755,5.67192,168673153,168673565
Pisd-ps3,1.61214,101030,101290,5.67192,168673153,168673565
Pisd-ps3,1.25234,103250,103562,5.67192,168673153,168673565
Pisd-ps3,1.10131,103865,104707,5.67192,168673153,168673565
Pisd-ps3,1.43239,111687,112358,5.67192,168673153,168673565
Pisd-ps3,1.30022,112986,113384,5.67192,168673153,168673565
Dmd,3.28763,84832027,84832386,5.67192,168673153,168673565
Maged2,2.42949,150865508,150866003,5.67192,168673153,168673565
