Ncoa2,4.12503,13301500,13301758,5.92751,168672298,168673804
Stau2;Rdh10,4.12503,16227919,16228164,5.92751,168672298,168673804
Gm13363;Ptp4a1;Phf3,3.96655,30873345,30873731,5.92751,168672298,168673804
,3.63601,35652714,35653009,5.92751,168672298,168673804
Npas2,4.12503,39280936,39281290,5.92751,168672298,168673804
Nck2,4.28707,43446031,43446451,5.92751,168672298,168673804
Bivm,5.15629,44122394,44122645,5.92751,168672298,168673804
Nabp1,4.85868,51572447,51572796,5.92751,168672298,168673804
Gls,5.25174,52232956,52233220,5.92751,168672298,168673804
Nab1,5.43662,52374788,52375039,5.92751,168672298,168673804
Nab1,3.93242,52500653,52500891,5.92751,168672298,168673804
Stk17b,5.21916,53784154,53785167,5.92751,168672298,168673804
Ankrd44,7.46169,54925836,54926546,5.92751,168672298,168673804
Gm20257,3.38588,58652867,58653111,5.92751,168672298,168673804
Trak2,6.63359,58956294,58956541,5.92751,168672298,168673804
Bmpr2,4.91067,59763076,59763486,5.92751,168672298,168673804
4930487H11Rik;Nrp2,4.73828,62829703,62830093,5.92751,168672298,168673804
Klf7,4.62765,64191528,64191760,5.92751,168672298,168673804
Kansl1l,6.80621,66817191,66817593,5.92751,168672298,168673804
Arpc2,4.64066,74239052,74239454,5.92751,168672298,168673804
Gmppa,4.95819,75436026,75436327,5.92751,168672298,168673804
Rhbdd1,3.96655,82316136,82316450,5.92751,168672298,168673804
Gm19589;Trpm8;Glrp1;Spp2,4.2971,88475383,88475814,5.92751,168672298,168673804
Hdac4,4.62765,91984413,91984649,5.92751,168672298,168673804
St8sia4,3.19661,95666162,95666427,5.92751,168672298,168673804
St8sia4,4.28721,95667146,95667923,5.92751,168672298,168673804
D1Ertd622e,5.61928,97584260,97584609,5.92751,168672298,168673804
Gm20753;Phlpp1,4.95819,106152003,106152248,5.92751,168672298,168673804
Ccdc93,3.47944,121431175,121431581,5.92751,168672298,168673804
Actr3,5.61928,125389971,125390347,5.92751,168672298,168673804
Mgat5,6.00196,127348796,127349134,5.92751,168672298,168673804
R3hdm1;Zranb3,3.60128,128103382,128103913,5.92751,168672298,168673804
Mcm6,11.0437,128359258,128359911,5.92751,168672298,168673804
Elk4,3.20976,132008137,132008816,5.92751,168672298,168673804
Elk4,11.4702,132010676,132012729,5.92751,168672298,168673804
Ppp1r15b,5.25174,133132664,133133265,5.92751,168672298,168673804
Chit1;Btg2;Fmod,4.78423,134066981,134067223,5.92751,168672298,168673804
Btg2,6.50216,134078892,134079498,5.92751,168672298,168673804
Kif21b,4.55505,136137059,136137357,5.92751,168672298,168673804
Ptprc,3.31151,138173646,138174012,5.92751,168672298,168673804
Ptprc,9.10665,138174946,138175628,5.92751,168672298,168673804
Atp6v1g3;Ptprc,3.60941,138248779,138249307,5.92751,168672298,168673804
Aspm,4.28707,139455543,139455911,5.92751,168672298,168673804
Uchl5;Trove2,4.10651,143778112,143778348,5.92751,168672298,168673804
Edem3,4.3493,151755307,151755674,5.92751,168672298,168673804
Smg7,4.81285,152904389,152904665,5.92751,168672298,168673804
Lamc1,4.28721,153320339,153320570,5.92751,168672298,168673804
Npl;Rgs8,5.87155,153617625,153617871,5.92751,168672298,168673804
Cd247;Rcsd1;Creg1;Mpzl1,7.93311,165712007,165712254,5.92751,168672298,168673804
Ndufs2,2.59437,171246908,171247412,5.92751,168672298,168673804
Dusp23,3.50116,172632937,172633296,5.92751,168672298,168673804
BC094916;Pydc4;Aim2,3.90121,173511439,173511726,5.92751,168672298,168673804
Hnrnpu,4.15971,178336967,178337469,5.92751,168672298,168673804
Wdr26;Cnih4,9.30288,181247321,181247593,5.92751,168672298,168673804
Capn2,3.57268,182489859,182490268,5.92751,168672298,168673804
Aida;Brox,3.77673,183297567,183297827,5.92751,168672298,168673804
Rps6kc1,5.28874,190911573,190911843,5.92751,168672298,168673804
Ppp2r5a,4.2971,191384861,191385172,5.92751,168672298,168673804
Mtrf1l,4.32145,5824021,5824938,5.92751,168672298,168673804
Utrn,4.63786,12823924,12824206,5.92751,168672298,168673804
Stx11;Utrn;B230208H11Rik,4.64066,12868973,12869526,5.92751,168672298,168673804
Hivep2,3.96655,13983626,13983987,5.92751,168672298,168673804
Cited2,3.40362,17722914,17723453,5.92751,168672298,168673804
Cited2,5.62671,17723888,17724151,5.92751,168672298,168673804
Gm20139,13.2672,19216223,19216623,5.92751,168672298,168673804
Il22ra2;Ifngr1,3.91437,19584126,19584384,5.92751,168672298,168673804
Map7,6.3177,20281584,20281831,5.92751,168672298,168673804
Bclaf1,5.82029,20312576,20313219,5.92751,168672298,168673804
Ahi1,4.95819,21029108,21029379,5.92751,168672298,168673804
Myb,7.27201,21160967,21161668,5.92751,168672298,168673804
Sgk1,4.43169,21908743,21908981,5.92751,168672298,168673804
Snora33;Snord100;Rps12,4.47181,23786790,23787868,5.92751,168672298,168673804
Stx7,4.2971,24149315,24149629,5.92751,168672298,168673804
Dse,5.06479,34198210,34198558,5.92751,168672298,168673804
Tspyl4,3.63601,34298021,34298284,5.92751,168672298,168673804
Fyn,3.57268,39371439,39372097,5.92751,168672298,168673804
Rev3l;E130307A14Rik,5.28178,39731817,39732948,5.92751,168672298,168673804
Fig4,3.57268,41303470,41304231,5.92751,168672298,168673804
Cd164,4.13183,41520547,41520795,5.92751,168672298,168673804
Aim1,12.5608,43998438,43998807,5.92751,168672298,168673804
Man1a;Gm16998,7.58467,54075457,54075814,5.92751,168672298,168673804
Mcu,5.38134,59616276,59616728,5.92751,168672298,168673804
Psap,4.2971,60278279,60278785,5.92751,168672298,168673804
Psap,5.69789,60290323,60290614,5.92751,168672298,168673804
Ddx21;Vps26a;Ddx50;2510003E04Rik;4930507D05Rik;Supv3l1;Srgn,2.98121,62543831,62544120,5.92751,168672298,168673804
LOC102634101;Reep3,3.60941,66930599,66930912,5.92751,168672298,168673804
Ado,4.38285,67549439,67549682,5.92751,168672298,168673804
Rab36,5.54035,75037014,75037319,5.92751,168672298,168673804
Specc1l,6.74141,75303338,75303881,5.92751,168672298,168673804
Gucd1;Snrpd3,4.3493,75517708,75518249,5.92751,168672298,168673804
Dip2a,6.74141,76306833,76307064,5.92751,168672298,168673804
Col18a1,5.94983,77104429,77104684,5.92751,168672298,168673804
Aire;Dnmt3l;Pfkl;Trappc10;Pwp2;Icosl;D10Jhu81e,6.28038,78086633,78086886,5.92751,168672298,168673804
Fstl3,4.12503,79779878,79780284,5.92751,168672298,168673804
Cnn2,5.62702,79988592,79989326,5.92751,168672298,168673804
Midn;Bc1,4.38285,80151796,80152205,5.92751,168672298,168673804
Klf16,7.82865,80577374,80579014,5.92751,168672298,168673804
Csnk1g2,6.61092,80623430,80623983,5.92751,168672298,168673804
Zbtb7a,8.36081,81137632,81138443,5.92751,168672298,168673804
Gna15,3.91437,81510393,81510706,5.92751,168672298,168673804
Txnrd1,4.81464,82860339,82860765,5.92751,168672298,168673804
Txnrd1,3.46272,82891334,82891608,5.92751,168672298,168673804
Mybpc1,3.94875,88540295,88540528,5.92751,168672298,168673804
Apaf1,7.27201,91076617,91077003,5.92751,168672298,168673804
Mir1931;Cdk17,3.26197,93144687,93145320,5.92751,168672298,168673804
Elk3,5.61928,93310236,93311284,5.92751,168672298,168673804
Metap2,4.74824,93889700,93890204,5.92751,168672298,168673804
Nr2c1,5.15629,94147644,94147938,5.92751,168672298,168673804
,4.15526,95746182,95746437,5.92751,168672298,168673804
Btg1,10.0034,96599677,96599987,5.92751,168672298,168673804
,6.61092,99447584,99447872,5.92751,168672298,168673804
Cnot2,6.28038,116582826,116583090,5.92751,168672298,168673804
4933411E08Rik,4.88893,117984888,117985698,5.92751,168672298,168673804
Mdm1,3.90121,118050251,118050557,5.92751,168672298,168673804
Rassf3,3.47944,121475778,121477087,5.92751,168672298,168673804
A130077B15Rik,4.5014,122578357,122578637,5.92751,168672298,168673804
Usp15,3.76072,123197022,123197283,5.92751,168672298,168673804
Agap2,7.58124,127076000,127076643,5.92751,168672298,168673804
Ddit3;Inhbc;R3hdm2;Gli1;Mbd6;Arhgap9;Mars;Dctn2;Inhbe,4.38285,127380410,127380658,5.92751,168672298,168673804
1700012D01Rik;Nab2,5.75191,127668035,127668318,5.92751,168672298,168673804
Zbtb39,3.26197,127739348,127739634,5.92751,168672298,168673804
Cnpy2,4.13939,128322532,128322823,5.92751,168672298,168673804
Dgka,5.78773,128744449,128744873,5.92751,168672298,168673804
Wibg,5.43946,128748392,128748906,5.92751,168672298,168673804
Rnf215,3.47944,4135075,4135418,5.92751,168672298,168673804
Nf2,6.64753,4804026,4804352,5.92751,168672298,168673804
Ewsr1;Rhbdd3,6.61092,5099652,5100163,5.92751,168672298,168673804
Ccm2,2.92794,6547134,6547401,5.92751,168672298,168673804
Spred2,4.62765,19989327,19989916,5.92751,168672298,168673804
Aftph,3.57268,20741336,20741956,5.92751,168672298,168673804
Xpo1,6.94147,23261466,23261741,5.92751,168672298,168673804
0610010F05Rik,3.47944,23633657,23633909,5.92751,168672298,168673804
Sptbn1,6.44537,30197919,30198663,5.92751,168672298,168673804
Lcp2,3.84757,34047820,34049241,5.92751,168672298,168673804
Lcp2,4.02185,34050192,34050678,5.92751,168672298,168673804
Rnf145;Il12b;Ublcp1,5.06479,44501608,44501966,5.92751,168672298,168673804
Clint1,7.20223,45852846,45853487,5.92751,168672298,168673804
Adam19,6.33098,46134827,46135201,5.92751,168672298,168673804
Mir6989;Cyfip2,4.38497,46309180,46309476,5.92751,168672298,168673804
Cyfip2,5.29577,46311118,46311476,5.92751,168672298,168673804
Mir6989;Itk,4.15019,46328075,46328313,5.92751,168672298,168673804
Mir6989;Itk,4.89848,46362344,46362916,5.92751,168672298,168673804
Mir6989;Havcr2,6.30195,46474300,46474544,5.92751,168672298,168673804
Jade2,3.14683,51857919,51858184,5.92751,168672298,168673804
4930404A10Rik;4933405E24Rik;Acsl6;Il3;Csf2,4.62765,54294239,54294559,5.92751,168672298,168673804
Gm12250,3.47808,58185384,58186240,5.92751,168672298,168673804
2810021J22Rik,3.60941,58867105,58867352,5.92751,168672298,168673804
Flcn;Gm16062,3.07602,59809837,59810263,5.92751,168672298,168673804
Grap;Slc5a10;Fam83g;Epn2,3.96655,61620296,61620551,5.92751,168672298,168673804
Zfp286;Zfp287;Tvp23b;Fbxw10;Trim16,7.59718,62815554,62815798,5.92751,168672298,168673804
Tvp23b,3.94875,62879223,62879759,5.92751,168672298,168673804
Hs3st3b1,4.00133,63923328,63923607,5.92751,168672298,168673804
Pik3r5,5.25174,68434545,68434969,5.92751,168672298,168673804
Pik3r5,3.96061,68435459,68435723,5.92751,168672298,168673804
Pik3r5,7.21881,68436344,68436966,5.92751,168672298,168673804
Pik3r5,11.5633,68452584,68453550,5.92751,168672298,168673804
Per1,5.46555,69099855,69100403,5.92751,168672298,168673804
Cntrob;Trappc1;Kcnab3,3.96655,69326029,69326326,5.92751,168672298,168673804
Kdm6b,6.08902,69409911,69411858,5.92751,168672298,168673804
Kctd11;Mir6924,3.57268,69881152,69881408,5.92751,168672298,168673804
Mir7115,5.18349,70435334,70435984,5.92751,168672298,168673804
Ube2g1,5.45304,72608076,72608602,5.92751,168672298,168673804
Slc43a2,5.94398,75531673,75532481,5.92751,168672298,168673804
Slc43a2,2.68395,75532907,75533212,5.92751,168672298,168673804
Slc43a2,4.80149,75560423,75560707,5.92751,168672298,168673804
Ssh2,3.5466,77216835,77217392,5.92751,168672298,168673804
Nufip2,4.89848,77687005,77687645,5.92751,168672298,168673804
Myo18a,4.85868,77802191,77802756,5.92751,168672298,168673804
Slc46a1,3.47944,78465719,78466003,5.92751,168672298,168673804
Slfn1,4.12503,83118043,83118484,5.92751,168672298,168673804
Ccl4,4.2971,83662116,83662501,5.92751,168672298,168673804
Tada2a;Acaca;Gm11437,3.57268,84180201,84180633,5.92751,168672298,168673804
2610027K06Rik;Tbx2;Gm20759;Bcas3;Tbx4,4.11514,85925607,85925856,5.92751,168672298,168673804
Supt4a,3.14022,87736954,87737409,5.92751,168672298,168673804
Mmd,7.60256,90224922,90225283,5.92751,168672298,168673804
Fam117a,5.39846,95353523,95353832,5.92751,168672298,168673804
Fam117a,9.43155,95354808,95355551,5.92751,168672298,168673804
Fam117a,3.80932,95356798,95357290,5.92751,168672298,168673804
Zfp652os,3.87235,95714631,95715098,5.92751,168672298,168673804
Gm11529,11.718,96455994,96456815,5.92751,168672298,168673804
Skap1,5.68593,96467151,96467463,5.92751,168672298,168673804
Mrpl10;Sp2;Lrrc46;Mir8103;Sp6;Osbpl7;Pnpo;Scrn2;Cdk5rap3;Prr15l;D030028A08Rik,5.94983,96988172,96988619,5.92751,168672298,168673804
Mir8102;Pip4k2b,3.84757,97744934,97745297,5.92751,168672298,168673804
Lasp1,2.94228,97800210,97800827,5.92751,168672298,168673804
Plxdc1,3.69357,97988312,97988544,5.92751,168672298,168673804
Ccr7,6.70415,99154511,99155547,5.92751,168672298,168673804
Ccr7;Krt222;Smarce1;Tns4,3.96655,99171927,99172314,5.92751,168672298,168673804
Rab5c,3.6969,100730074,100730304,5.92751,168672298,168673804
Stat5b,5.68593,100850182,100850542,5.92751,168672298,168673804
Vat1;Rnd2,5.28874,101467657,101467939,5.92751,168672298,168673804
Brca1;Rdm1;Tmem106a;Nbr1;LOC666331;Arl4d,4.85868,101620034,101620278,5.92751,168672298,168673804
Map3k14,5.75935,103265549,103266043,5.92751,168672298,168673804
Map3k14,7.09319,103266883,103268026,5.92751,168672298,168673804
Kansl1,4.47514,104441137,104441702,5.92751,168672298,168673804
Ddx5;Cep95,7.09348,106788261,106789212,5.92751,168672298,168673804
Pitpnc1,5.24589,107428061,107428313,5.92751,168672298,168673804
Pitpnc1,3.69959,107468852,107469393,5.92751,168672298,168673804
Pitpnc1,8.57402,107470530,107471520,5.92751,168672298,168673804
Gm11696;Gna13,6.30195,109364419,109365391,5.92751,168672298,168673804
Amz2,4.53845,109425957,109426480,5.92751,168672298,168673804
,5.15629,111801131,111801397,5.92751,168672298,168673804
Rab37,6.33098,115138743,115139046,5.92751,168672298,168673804
Ict1;Otop3;Otop2;Kctd2;Nt5c;Slc16a5;Cdr2l;Hid1;Hn1;Atp5h;Mir3968;Armc7;4933422H20Rik;Ush1g,6.61092,115413385,115413737,5.92751,168672298,168673804
Armc7,2.97951,115477226,115478397,5.92751,168672298,168673804
Mir5621;Mif4gd;Grb2;Caskin2;Slc25a19;2310067B10Rik,3.6969,115712492,115713110,5.92751,168672298,168673804
Unc13d,3.38465,116077692,116077947,5.92751,168672298,168673804
Rnf157,3.91437,116398125,116398442,5.92751,168672298,168673804
St6galnac2,3.57268,116688229,116688628,5.92751,168672298,168673804
Mfsd11;Srsf2,4.90539,116851418,116851882,5.92751,168672298,168673804
Mfsd11;Srsf2,8.44054,116852523,116854012,5.92751,168672298,168673804
Sep-09,5.28874,117267116,117267450,5.92751,168672298,168673804
Tnrc6c,3.91432,117655863,117656102,5.92751,168672298,168673804
Tha1,4.05153,117872158,117872546,5.92751,168672298,168673804
Tha1,4.44598,117873141,117873441,5.92751,168672298,168673804
Tmc6;Socs3;Afmid;Birc5;Syngr2;Tmc8;Tha1;6030468B19Rik;Tk1;Tmem235,3.75125,117878347,117878622,5.92751,168672298,168673804
Usp36,3.24445,118260230,118260557,5.92751,168672298,168673804
Usp36,4.5014,118266622,118266873,5.92751,168672298,168673804
BC100451;Timp2,4.12503,118337571,118337977,5.92751,168672298,168673804
Cbx4,6.94147,119084913,119085331,5.92751,168672298,168673804
Slc26a11;Sgsh,3.57268,119355231,119355468,5.92751,168672298,168673804
Rab10,3.47944,3283067,3284132,5.92751,168672298,168673804
Dnmt3a,4.10651,3806488,3806747,5.92751,168672298,168673804
Dnmt3a,4.57288,3823584,3823816,5.92751,168672298,168673804
Dnmt3a,4.22368,3855852,3856155,5.92751,168672298,168673804
Pum2,3.85849,8675035,8675839,5.92751,168672298,168673804
Mir6387;Trib2,6.01715,15821040,15821455,5.92751,168672298,168673804
Nol10,9.13342,17373667,17374106,5.92751,168672298,168673804
,5.54035,25394308,25394610,5.92751,168672298,168673804
Rsad2,5.28874,26456276,26456564,5.92751,168672298,168673804
Hbp1,3.45346,31950553,31950823,5.92751,168672298,168673804
Ccdc71l,4.12823,32379334,32379595,5.92751,168672298,168673804
Ankmy2;Bzw2,6.09325,36157640,36158338,5.92751,168672298,168673804
Sptssa,5.06479,54656137,54656582,5.92751,168672298,168673804
Snx6,4.28707,54795377,54795637,5.92751,168672298,168673804
Brms1l,6.64753,55836313,55836823,5.92751,168672298,168673804
Fancm;Fkbp3,5.96241,65075321,65076087,5.92751,168672298,168673804
Rpl36al;Mgat2,4.13183,69184543,69185237,5.92751,168672298,168673804
Arid4a;3110056K07Rik,5.54016,71016803,71017136,5.92751,168672298,168673804
2700049A03Rik;Timm9,4.36504,71137187,71137435,5.92751,168672298,168673804
Prkch,2.92794,73779389,73779712,5.92751,168672298,168673804
Hspa2,3.47808,76403723,76403996,5.92751,168672298,168673804
,4.47181,77788404,77788750,5.92751,168672298,168673804
Actn1;Scarna3b;Mir1843a;Dcaf5,4.62765,80331790,80332047,5.92751,168672298,168673804
4933426M11Rik,10.1296,80792089,80793317,5.92751,168672298,168673804
Elmsan1,4.11514,84194648,84195003,5.92751,168672298,168673804
Pnma1;Elmsan1;Zfp410;Ptgr2;Dnal1,7.27201,84222537,84222857,5.92751,168672298,168673804
Npc2,4.95819,84764722,84765146,5.92751,168672298,168673804
Pgf;Acyp1;Rps6kl1;Dlst;Eif2b2;Zc2hc1c;Mir6938;Prox2;Mlh3,5.94983,85192821,85193142,5.92751,168672298,168673804
Gpr65,10.1772,98270241,98270887,5.92751,168672298,168673804
Eml5,5.28874,98901191,98901439,5.92751,168672298,168673804
Foxn3,7.93311,99462424,99462679,5.92751,168672298,168673804
Calm1,7.84883,100199906,100200976,5.92751,168672298,168673804
Dicer1,5.61928,104752234,104752614,5.92751,168672298,168673804
Scarna13;Mir3069;Syne3;Snhg10;Glrx5,22.4278,105013082,105013528,5.92751,168672298,168673804
Evl,7.26536,108637084,108637914,5.92751,168672298,168673804
Evl,5.37005,108639170,108639427,5.92751,168672298,168673804
Evl,8.73102,108646041,108646599,5.92751,168672298,168673804
Mir6940;Pld4;Cep170b;Siva1;Mir6939;Akt1;Zbtb42;Adssl1;Inf2,6.61092,112702481,112702711,5.92751,168672298,168673804
,9.28133,115388549,115388779,5.92751,168672298,168673804
Esyt2,4.95819,116283591,116284344,5.92751,168672298,168673804
Cdca7l,4.42239,117844606,117844999,5.92751,168672298,168673804
Sp4,3.91437,118390754,118391001,5.92751,168672298,168673804
Fam208b,3.06784,3610777,3611025,5.92751,168672298,168673804
Klf6;1700016G22Rik,9.36179,5846701,5847141,5.92751,168672298,168673804
Klf6,4.00142,5864153,5864616,5.92751,168672298,168673804
Pfkp,7.3334,6648501,6649220,5.92751,168672298,168673804
Gtpbp4,4.38611,8996349,8996738,5.92751,168672298,168673804
Zmynd11,8.23028,9726126,9726368,5.92751,168672298,168673804
Edaradd,4.89057,12507358,12507615,5.92751,168672298,168673804
Elmo1,5.70177,20092345,20092778,5.92751,168672298,168673804
BC005537,3.60112,24803592,24803883,5.92751,168672298,168673804
E2f3,13.9178,29985015,29986246,5.92751,168672298,168673804
4930519D14Rik,5.0417,30619460,30619873,5.92751,168672298,168673804
Dusp22,4.80149,30659742,30660196,5.92751,168672298,168673804
Tmem14c,5.92974,41016260,41016587,5.92751,168672298,168673804
Ranbp9,3.19661,43481024,43481602,5.92751,168672298,168673804
1700029N11Rik,4.3493,44507102,44507334,5.92751,168672298,168673804
Dek,5.43662,47105481,47106180,5.92751,168672298,168673804
Ninj1,4.36504,49187723,49188053,5.92751,168672298,168673804
Fgd3,4.64066,49308832,49309345,5.92751,168672298,168673804
Secisbp2,5.28874,51677031,51677285,5.92751,168672298,168673804
Gadd45g,6.52395,51848530,51849145,5.92751,168672298,168673804
Auh;Nfil3,3.86722,52998540,52998845,5.92751,168672298,168673804
Rnf44,4.98118,54693689,54694379,5.92751,168672298,168673804
Zfp346,4.66827,55105403,55105661,5.92751,168672298,168673804
Idnk,6.64753,58158296,58158717,5.92751,168672298,168673804
Nkd2;Slc6a19os;Slc12a7;Slc6a19;Slc6a18;Tert,3.86722,73725479,73725752,5.92751,168672298,168673804
Exoc3,3.15907,74208491,74208783,5.92751,168672298,168673804
Ttc37;Arsk,5.75191,76098418,76099155,5.92751,168672298,168673804
,4.2971,85430720,85430997,5.92751,168672298,168673804
Msh3,4.2971,92241641,92241876,5.92751,168672298,168673804
Iqgap2,4.13679,95712883,95713134,5.92751,168672298,168673804
Tnpo1,3.84129,98926460,98926990,5.92751,168672298,168673804
Serf1,4.62765,100107951,100108198,5.92751,168672298,168673804
Kif2a;3830408C21Rik,5.41411,107095440,107095675,5.92751,168672298,168673804
Zswim6,3.93892,107890373,107891086,5.92751,168672298,168673804
Ndufaf2,8.92474,108072184,108072417,5.92751,168672298,168673804
Il6st;Il31ra;Ankrd55,4.64066,112426589,112426908,5.92751,168672298,168673804
Slc38a9,5.10158,112660821,112661128,5.92751,168672298,168673804
Pelo,4.95819,115089375,115089636,5.92751,168672298,168673804
Atxn7,3.86722,14042443,14042712,5.92751,168672298,168673804
Ngly1;Oxsm,7.36601,16173417,16173647,5.92751,168672298,168673804
2700060E02Rik,3.14683,19823588,19823859,5.92751,168672298,168673804
Anxa7,4.88893,20479713,20480060,5.92751,168672298,168673804
Zswim8,4.95819,20708570,20708824,5.92751,168672298,168673804
Zmiz1,5.94983,25380597,25381005,5.92751,168672298,168673804
Pde12;Mir7672,6.961,26669041,26670190,5.92751,168672298,168673804
Appl1,5.72912,26924665,26924960,5.92751,168672298,168673804
Arhgef3,4.95819,27198771,27199017,5.92751,168672298,168673804
Colq,5.94983,31531799,31532105,5.92751,168672298,168673804
Glud1,4.10651,34317372,34317699,5.92751,168672298,168673804
Ptger2,6.70318,44989806,44990101,5.92751,168672298,168673804
Cryl1,5.15629,57398225,57398855,5.92751,168672298,168673804
Spata13,3.39241,60710720,60710993,5.92751,168672298,168673804
Spata13,3.86722,60711864,60712125,5.92751,168672298,168673804
Spata13,7.02339,60712415,60712782,5.92751,168672298,168673804
,4.00133,61971034,61971625,5.92751,168672298,168673804
Ints6;4931440J10Rik,5.06479,62760788,62761116,5.92751,168672298,168673804
Ints6;4931440J10Rik,5.2191,62761435,62761819,5.92751,168672298,168673804
Hmbox1,4.2971,64866920,64867308,5.92751,168672298,168673804
Dpysl2;Gm5464,5.00169,66868601,66869613,5.92751,168672298,168673804
Ebf2,3.79859,67188846,67189117,5.92751,168672298,168673804
Rhobtb2,5.50183,69804864,69805475,5.92751,168672298,168673804
Siah3,4.64066,75456828,75457068,5.92751,168672298,168673804
Elf1;Wbp4,4.12503,79482354,79482973,5.92751,168672298,168673804
Commd6,3.09203,101640219,101640657,5.92751,168672298,168673804
Rnf219,4.89848,104522416,104522778,5.92751,168672298,168673804
Stk24,3.38465,121379490,121379762,5.92751,168672298,168673804
Dock9;Ubac2;Gpr18,4.89848,121823103,121823560,5.92751,168672298,168673804
Ubac2,3.96655,122000046,122000309,5.92751,168672298,168673804
Pcca,4.14057,122852536,122852947,5.92751,168672298,168673804
BC037032;Oxct1,3.47808,4027212,4027462,5.92751,168672298,168673804
Ptger4,32.5817,5238511,5239179,5.92751,168672298,168673804
Ptger4,5.53173,5239542,5240477,5.92751,168672298,168673804
Ptger4,3.84757,5241530,5242514,5.92751,168672298,168673804
Ptger4,5.57337,5243093,5244925,5.92751,168672298,168673804
Il7r;Spef2,4.62765,9580659,9580901,5.92751,168672298,168673804
Trio,5.92974,27798881,27799178,5.92751,168672298,168673804
Pabpc1,4.54716,36609291,36609609,5.92751,168672298,168673804
Ywhaz,3.99555,36793291,36794369,5.92751,168672298,168673804
Ubr5,7.82873,38078967,38079453,5.92751,168672298,168673804
Klf10,5.69789,38299586,38300131,5.92751,168672298,168673804
Klf10,7.83623,38300648,38301445,5.92751,168672298,168673804
Med30,5.05416,52753076,52753390,5.92751,168672298,168673804
,6.00196,62698590,62698965,5.92751,168672298,168673804
Fam49b,6.0019,64060388,64060731,5.92751,168672298,168673804
Asap1,4.63786,64185769,64186167,5.92751,168672298,168673804
Dennd3;Slc45a4;Gpr20;Ptp4a3,4.38285,73645564,73645810,5.92751,168672298,168673804
Ly6e;Ly6a;Ly6i;2010109I03Rik;Cyp11b2;Hemt1;Cyp11b1,8.5942,74920573,74920954,5.92751,168672298,168673804
Ly6c1;Ly6c2,6.65926,75117311,75117977,5.92751,168672298,168673804
Zfp41,4.14594,75616441,75616713,5.92751,168672298,168673804
Plec,12.8913,76203904,76204662,5.92751,168672298,168673804
Plec,4.12503,76205179,76205475,5.92751,168672298,168673804
C030006K11Rik;Lrrc24,7.47662,76723523,76723994,5.92751,168672298,168673804
Ift27,3.94884,78173784,78174225,5.92751,168672298,168673804
Rac2,5.21916,78571578,78572010,5.92751,168672298,168673804
Rac2,4.56676,78572583,78572995,5.92751,168672298,168673804
Mfng,5.10158,78773189,78773505,5.92751,168672298,168673804
Sh3bp1,5.06479,78899669,78900499,5.92751,168672298,168673804
Cacna1i,3.47944,80319178,80319587,5.92751,168672298,168673804
Sgsm3,3.71546,80977864,80978123,5.92751,168672298,168673804
Tob2,9.53914,81857300,81858566,5.92751,168672298,168673804
Tob2,5.46555,81859041,81860029,5.92751,168672298,168673804
Ttll1,3.25564,83510915,83511229,5.92751,168672298,168673804
Parvg,4.95819,84331406,84331768,5.92751,168672298,168673804
Phf21b,6.96408,84829517,84829800,5.92751,168672298,168673804
Adamts20;D630010B17Rik,3.91437,94187738,94187972,5.92751,168672298,168673804
Slc38a2,12.0038,96697883,96699283,5.92751,168672298,168673804
Slc38a2,4.2013,96699846,96700224,5.92751,168672298,168673804
Bcdin3d,5.28874,99474483,99474794,5.92751,168672298,168673804
6030408B16Rik;Atg101;Krt81;Krt83;1700011A15Rik;Krt85;Krt86;Mir1941;Krt80;Krt7;5430421N21Rik,6.96408,101388099,101388651,5.92751,168672298,168673804
Srl,8.11551,4503534,4503848,5.92751,168672298,168673804
Tfap4,6.961,4559633,4560175,5.92751,168672298,168673804
Ubald1,3.97494,4879660,4880231,5.92751,168672298,168673804
Tnp2;Clec16a;Prm1;Prm3;Prm2;Socs1;Rmi2,6.94147,10754533,10754837,5.92751,168672298,168673804
Gspt1;Mir1945,4.30619,11254038,11254548,5.92751,168672298,168673804
Spag6,4.95819,16829084,16829347,5.92751,168672298,168673804
Mapk1,4.57288,16983759,16984027,5.92751,168672298,168673804
Gnb1l,4.78423,18498310,18499176,5.92751,168672298,168673804
Klhl6,8.18435,19982805,19983161,5.92751,168672298,168673804
Tra2b,5.77977,22264957,22266176,5.92751,168672298,168673804
,4.3493,24215379,24215627,5.92751,168672298,168673804
Lpp,7.28063,24425098,24425365,5.92751,168672298,168673804
A730098P11Rik,5.67192,24527233,24527522,5.92751,168672298,168673804
Tfrc,5.0417,32609677,32609982,5.92751,168672298,168673804
Tfrc,3.86722,32610219,32610667,5.92751,168672298,168673804
Cd80,4.43169,38476637,38476882,5.92751,168672298,168673804
Nfkbiz,6.85931,55821735,55822583,5.92751,168672298,168673804
Zbtb11;2310061J03Rik,6.52387,55974530,55975095,5.92751,168672298,168673804
Cggbp1;4930453N24Rik;Zfp654,4.38285,64758692,64759062,5.92751,168672298,168673804
Bach1,7.71673,87699891,87700383,5.92751,168672298,168673804
Ifnar2,5.70177,91373826,91374762,5.92751,168672298,168673804
Lca5l;Brwd1;Wrb;Hmgn1,4.56676,96096069,96096305,5.92751,168672298,168673804
Hmgn1,4.43623,96126932,96127616,5.92751,168672298,168673804
Zdhhc14,5.28874,5493272,5493594,5.92751,168672298,168673804
Synj2,5.56871,6001994,6002304,5.92751,168672298,168673804
Rsph3a;Fndc1;Tagap,4.95819,7877850,7878081,5.92751,168672298,168673804
Chd1,5.87155,15714633,15714883,5.92751,168672298,168673804
Srrm2,7.07909,23804640,23804990,5.92751,168672298,168673804
Mrps34;Nme3;Eme2,3.57268,24896227,24896730,5.92751,168672298,168673804
Unkl,4.62765,25188806,25189202,5.92751,168672298,168673804
Dusp1,5.87155,26508582,26508952,5.92751,168672298,168673804
Mir6968;Cuta;Mir3083;Zbtb9;Syngap1;Nkx2-5;Bnip1;Kifc5b;Phf1,4.89848,26885998,26886353,5.92751,168672298,168673804
Itpr3,3.60112,27075174,27075413,5.92751,168672298,168673804
Pacsin1,3.75125,27655678,27655959,5.92751,168672298,168673804
Anks1;Taf11,4.88893,27909350,27909946,5.92751,168672298,168673804
Pim1,4.56676,29492593,29493228,5.92751,168672298,168673804
Tbc1d22b;Tbc1d22bos;Tmem217;Pim1,4.13679,29499385,29499638,5.92751,168672298,168673804
Ubash3a,5.92974,31208031,31208341,5.92751,168672298,168673804
Ubash3a,4.89848,31209328,31209883,5.92751,168672298,168673804
Sik1,5.61928,31835652,31835915,5.92751,168672298,168673804
Zfp955a,4.00133,33254869,33255106,5.92751,168672298,168673804
Angptl4,3.69357,33781208,33781566,5.92751,168672298,168673804
Tap1;H2-Ea-ps;Tap2;H2-Ob;H2-Ab1;H2-Aa;H2-DMb2;H2-DMb1;H2-Eb1;Psmb9;Psmb8;H2-Eb2,4.2971,34250120,34250444,5.92751,168672298,168673804
Clic5;Enpp4;Rcan2;Enpp5,4.5014,44121529,44121821,5.92751,168672298,168673804
Trerf1,6.28038,47225384,47225616,5.92751,168672298,168673804
Trem3;B430306N03Rik;Treml2;Nfya;Treml1;Trem1;Treml4;Trem2,5.41411,48293600,48294003,5.92751,168672298,168673804
Nfya;Oard1,4.4395,48409992,48410804,5.92751,168672298,168673804
Rftn1,6.33098,50071365,50071981,5.92751,168672298,168673804
Rftn1,3.26197,50094221,50094540,5.92751,168672298,168673804
Dazl,3.96655,50331240,50331634,5.92751,168672298,168673804
Plcl2,3.79859,50678141,50678383,5.92751,168672298,168673804
Mir669a-4;Mir669a-7;Mir669a-12;Mir669a-10;Mir669a-11;Mir669p-1;Mir669a-5;Mir669a-6;Mir669p-2;Mir669a-1;Mir669a-8;Mir669a-9,5.00169,51408511,51409124,5.92751,168672298,168673804
Satb1,3.36113,51831473,51831725,5.92751,168672298,168673804
Satb1,5.07865,51833066,51833486,5.92751,168672298,168673804
Gm20098,4.12503,51906261,51906575,5.92751,168672298,168673804
,10.6839,52150806,52151580,5.92751,168672298,168673804
Mpnd,6.61092,56009181,56009680,5.92751,168672298,168673804
Myl12b,4.22368,70974177,70974417,5.92751,168672298,168673804
Ypel5,3.80932,72837235,72837692,5.92751,168672298,168673804
Lbh,4.00133,72918365,72918612,5.92751,168672298,168673804
Lclat1,5.65409,73174244,73174496,5.92751,168672298,168673804
Birc6,2.79176,74528410,74528665,5.92751,168672298,168673804
Birc6,5.28874,74667962,74668240,5.92751,168672298,168673804
Crim1,3.5466,78201286,78201637,5.92751,168672298,168673804
Atl2,5.40167,79895937,79896231,5.92751,168672298,168673804
4833418N02Rik;Ttc7,6.26292,87283806,87284185,5.92751,168672298,168673804
Map3k8;Lyzl1,3.31245,4252372,4252678,5.92751,168672298,168673804
Map3k8;4833419F23Rik,4.41314,4351569,4352004,5.92751,168672298,168673804
Rab18,3.99555,6765157,6765462,5.92751,168672298,168673804
Kctd1,8.28113,14985560,14985806,5.92751,168672298,168673804
Rprd1a,4.89848,24530060,24530338,5.92751,168672298,168673804
Fam13b,5.18349,34506830,34507093,5.92751,168672298,168673804
Etf1,2.80377,34932361,34932659,5.92751,168672298,168673804
Nr3c1,3.26197,39491042,39491383,5.92751,168672298,168673804
Dmxl1,3.25564,49832651,49832894,5.92751,168672298,168673804
Ppargc1b,3.94875,61399670,61400217,5.92751,168672298,168673804
Adrb2,7.61864,62169186,62169507,5.92751,168672298,168673804
Sec11c,6.00204,65801778,65802570,5.92751,168672298,168673804
Sec11c,4.11514,65802940,65803468,5.92751,168672298,168673804
Sec11c;Oacyl;Grp,3.60941,65818932,65819195,5.92751,168672298,168673804
Smad7,6.97185,75369790,75370087,5.92751,168672298,168673804
Smad7,4.7009,75370495,75370790,5.92751,168672298,168673804
Nfatc1,5.28874,80706788,80707427,5.92751,168672298,168673804
Mbp,3.6437,82526481,82526883,5.92751,168672298,168673804
,7.73444,83465200,83465454,5.92751,168672298,168673804
Ptprcap,7.27201,4155329,4155729,5.92751,168672298,168673804
Adrbk1,4.12503,4303260,4303566,5.92751,168672298,168673804
Adrbk1,10.9311,4304002,4305850,5.92751,168672298,168673804
Mus81;Cfl1,7.52144,5488742,5489485,5.92751,168672298,168673804
Mus81;Cfl1,5.57337,5490320,5490785,5.92751,168672298,168673804
Cfl1,7.71697,5491314,5491909,5.92751,168672298,168673804
Map3k11;Pcnxl3,4.32483,5689430,5690083,5.92751,168672298,168673804
Dpf2;Pola2;Neat1;Slc25a45;Cdc42ep2;Scyl1;Tigd3;Frmd8;Malat1;Ltbp3,7.62135,5850070,5850432,5.92751,168672298,168673804
Ppp2r5b,5.25174,6235702,6236269,5.92751,168672298,168673804
Hnrnpul2;Ttc9c,4.1804,8821417,8821933,5.92751,168672298,168673804
Incenp;Best1;Fth1;Rab3il1,3.85849,9938862,9939268,5.92751,168672298,168673804
Fam111a,2.92794,12573113,12574117,5.92751,168672298,168673804
Tmem2,9.43155,21913757,21914070,5.92751,168672298,168673804
Rfx3,5.11287,28010726,28011811,5.92751,168672298,168673804
Sgms1,5.52186,32172617,32172913,5.92751,168672298,168673804
Pten,5.56871,32758271,32758839,5.92751,168672298,168673804
Rnls,4.95819,33151876,33152179,5.92751,168672298,168673804
Hectd2;1500017E21Rik;Pcgf5,6.54756,36522916,36523237,5.92751,168672298,168673804
Myof,6.96408,37963390,37963691,5.92751,168672298,168673804
Slc35g1,3.95722,38401043,38401365,5.92751,168672298,168673804
Pgam1,4.62765,41913001,41913555,5.92751,168672298,168673804
Ubtd1;Mms19,4.84781,41981319,41981958,5.92751,168672298,168673804
Sh3pxd2a,4.2971,47448459,47448770,5.92751,168672298,168673804
Smndc1;Mxi1;5830416P10Rik,4.2971,53396187,53396561,5.92751,168672298,168673804
Smndc1;Mxi1;5830416P10Rik,7.20223,53424503,53424963,5.92751,168672298,168673804
Pdcd4,5.40456,53904090,53904478,5.92751,168672298,168673804
Pdcd4,4.64059,53905472,53906093,5.92751,168672298,168673804
Gpam,5.10158,55099251,55099532,5.92751,168672298,168673804
Ablim1,3.63601,57074719,57074967,5.92751,168672298,168673804
Pdzd8,5.41411,59344974,59345754,5.92751,168672298,168673804
Prkcq,4.10651,11204085,11204441,5.92751,168672298,168673804
Gm13293,4.26356,11338919,11339332,5.92751,168672298,168673804
Rbm17,4.38285,11603133,11603389,5.92751,168672298,168673804
Cubn,48.7121,13413347,13414248,5.92751,168672298,168673804
Cubn;St8sia6;Trdmt1;Vim,10.7581,13559688,13560031,5.92751,168672298,168673804
Vim,5.96241,13574614,13575593,5.92751,168672298,168673804
Acbd5,5.00166,23068836,23069299,5.92751,168672298,168673804
Psd4,2.92794,24386542,24386988,5.92751,168672298,168673804
Edf1;Mir3087;Traf2;Npdc1;Entpd2;Mamdc4;C8g;BC029214;Fut7;Abca2;Lcn12;Ptgds;Sapcd2;Fbxw5;Clic3,3.69959,25465672,25466310,5.92751,168672298,168673804
Sec16a,10.619,26445518,26446146,5.92751,168672298,168673804
Rapgef1,13.0479,29628211,29628799,5.92751,168672298,168673804
Slc27a4,3.90121,29802685,29802972,5.92751,168672298,168673804
Sh2d3c,9.81302,32724883,32725795,5.92751,168672298,168673804
Pbx3,8.50788,34139833,34140084,5.92751,168672298,168673804
Pbx3,3.96655,34372608,34372900,5.92751,168672298,168673804
Arpc5l,6.61092,39008794,39009279,5.92751,168672298,168673804
Arl6ip6;Prpf40a,8.50788,53191713,53192796,5.92751,168672298,168673804
Cytip,5.76194,58159240,58159474,5.92751,168672298,168673804
Cytip,4.88893,58159927,58160371,5.92751,168672298,168673804
Tanc1,3.96655,59612012,59612355,5.92751,168672298,168673804
Tank,5.61928,61593681,61594286,5.92751,168672298,168673804
Cobll1,6.01715,65182617,65182934,5.92751,168672298,168673804
Stk39,3.94875,68382517,68382754,5.92751,168672298,168673804
Stk39,4.43169,68471549,68471876,5.92751,168672298,168673804
Mettl8,3.60941,70933437,70933689,5.92751,168672298,168673804
Slc25a12,5.94983,71366911,71367319,5.92751,168672298,168673804
Pdk1;Itga6,3.6969,71866493,71866885,5.92751,168672298,168673804
Sp3;6430710C18Rik,9.25529,72838161,72838439,5.92751,168672298,168673804
Wipf1,5.21916,73452362,73454306,5.92751,168672298,168673804
Fkbp7;Plekha3,5.41411,76675305,76675756,5.92751,168672298,168673804
Nckap1,3.60941,80579270,80579511,5.92751,168672298,168673804
Rapsn,3.26197,91042701,91043255,5.92751,168672298,168673804
Chrm4,3.96655,91923858,91924172,5.92751,168672298,168673804
Mir7000;Slc35c1;Mapk8ip1;Cry2;D930015M05Rik,4.5015,92484601,92484968,5.92751,168672298,168673804
Traf6,5.41411,101679307,101679589,5.92751,168672298,168673804
Trim44,3.6437,102401070,102401325,5.92751,168672298,168673804
Cd44,4.38285,102873925,102874217,5.92751,168672298,168673804
Pdhx;Apip,4.63786,103073425,103073912,5.92751,168672298,168673804
Abtb2,5.77105,103568147,103568421,5.92751,168672298,168673804
Rcn1,5.28874,105386511,105386755,5.92751,168672298,168673804
Them7;Rcn1,5.28874,105430232,105430593,5.92751,168672298,168673804
Ccdc32,4.2971,119029097,119029371,5.92751,168672298,168673804
Pdia3;Catsper2,4.2971,121415070,121415431,5.92751,168672298,168673804
Bloc1s6,4.11514,122738582,122738828,5.92751,168672298,168673804
Snrnp200;1810024B03Rik,4.13183,127208024,127208288,5.92751,168672298,168673804
Astl;Dusp2,5.00166,127335917,127336665,5.92751,168672298,168673804
Bcl2l11,7.50233,128126346,128128062,5.92751,168672298,168673804
Tmem87b,3.57268,128818263,128818514,5.92751,168672298,168673804
4932416H05Rik;Stk35,5.92974,129801267,129801749,5.92751,168672298,168673804
Mir3098,5.28874,131253870,131254101,5.92751,168672298,168673804
Mgme1;Snx5,3.78192,144270690,144271283,5.92751,168672298,168673804
Kif3b,5.38134,153291754,153292340,5.92751,168672298,168673804
Cbfa2t2,4.64066,154436288,154436864,5.92751,168672298,168673804
a;Ahcy;Itch;2310005A03Rik,4.10651,155079613,155079864,5.92751,168672298,168673804
Tgif2,4.73828,156841373,156841871,5.92751,168672298,168673804
Ppp1r16b,5.00169,158667529,158667933,5.92751,168672298,168673804
Ppp1r16b,6.93682,158668591,158670325,5.92751,168672298,168673804
Ppp1r16b,4.13679,158723431,158723864,5.92751,168672298,168673804
Stk4,5.21916,164077694,164078374,5.92751,168672298,168673804
Stk4,4.2971,164087702,164088046,5.92751,168672298,168673804
Slc35c2,6.54756,165287585,165287865,5.92751,168672298,168673804
Prex1,7.20242,166713387,166713912,5.92751,168672298,168673804
Trp53rk;Mir6364;Arfgef2;Prex1,4.64066,166757939,166758177,5.92751,168672298,168673804
A530013C23Rik;Cebpb,3.10765,167777448,167778157,5.92751,168672298,168673804
Nfatc2,5.4563,168590463,168591466,5.92751,168672298,168673804
1700021F07Rik,4.91067,173454850,173455205,5.92751,168672298,168673804
Slmo2,3.31245,174473113,174473439,5.92751,168672298,168673804
Gata5;Lama5;Rps21;Gata5os;Mir3091;Mir7005;Osbpl2;Cables2;Adrm1;Rbbp8nl,3.96655,180249099,180249332,5.92751,168672298,168673804
Znf512b,4.43169,181592393,181592797,5.92751,168672298,168673804
Dnajc5b,6.20518,19450995,19451313,5.92751,168672298,168673804
,7.09319,21126279,21126523,5.92751,168672298,168673804
Ccna2,24.9077,36571452,36572317,5.92751,168672298,168673804
Spata5;Nudt6,8.54683,37419977,37421359,5.92751,168672298,168673804
Hspa4l,5.69789,40761532,40761798,5.92751,168672298,168673804
Jade1,5.94983,41565988,41566303,5.92751,168672298,168673804
Elf2;4930577N17Rik,3.94875,51277405,51277726,5.92751,168672298,168673804
Foxo1,6.20518,52271391,52271669,5.92751,168672298,168673804
Frem2,4.29152,53580722,53580956,5.92751,168672298,168673804
4931440P22Rik;Tiparp,4.95819,65528479,65528829,5.92751,168672298,168673804
Smc4;Ift80;Mir15b,4.72899,69006541,69007272,5.92751,168672298,168673804
Kpna4,3.47808,69126906,69127153,5.92751,168672298,168673804
Gm1647,9.03196,69130967,69131294,5.92751,168672298,168673804
Tmem154,3.94875,84681824,84682055,5.92751,168672298,168673804
Dclk2,6.94147,86837319,86837767,5.92751,168672298,168673804
Sh2d2a,6.94147,87847475,87847948,5.92751,168672298,168673804
Hdgf,3.6969,87907220,87907694,5.92751,168672298,168673804
Fdps;Mir92b;Scamp3;Pklr;Fam189b;Hcn3;Gba;Thbs3;Efna1;Krtcap2;Rusc1;Mtx1;Trim46;Clk2;Dpm3;Muc1;Slc50a1,6.79461,89190359,89190675,5.92751,168672298,168673804
Gm19710;Hax1,4.00127,89998173,89998888,5.92751,168672298,168673804
Ubap2l;4933434E20Rik,5.21916,90052784,90053231,5.92751,168672298,168673804
S100a2,8.92474,90589380,90589766,5.92751,168672298,168673804
Fam63a;Prune,3.86722,95282592,95283112,5.92751,168672298,168673804
Rprd2,4.54223,95819546,95819785,5.92751,168672298,168673804
Anp32e,4.11514,95930399,95930852,5.92751,168672298,168673804
Txnip,3.90375,96560411,96560716,5.92751,168672298,168673804
Fam46c,5.41411,100489164,100489748,5.92751,168672298,168673804
Cd101,4.2971,101012790,101013129,5.92751,168672298,168673804
Cd2,15.0046,101289906,101290793,5.92751,168672298,168673804
Mir3473f,2.95967,103386461,103386718,5.92751,168672298,168673804
St7l;Capza1,4.32483,104865119,104865522,5.92751,168672298,168673804
Amigo1,4.43169,108186264,108186572,5.92751,168672298,168673804
Sars,4.50162,108444786,108445185,5.92751,168672298,168673804
Taf13,2.95967,108571638,108571883,5.92751,168672298,168673804
Nfkb1,4.17528,135690234,135690643,5.92751,168672298,168673804
Ppp3ca,4.43169,136671306,136671891,5.92751,168672298,168673804
Metap1,4.7009,138489206,138489723,5.92751,168672298,168673804
Tspan5,5.63117,138757336,138757572,5.92751,168672298,168673804
Gbp7,5.61928,142533097,142533335,5.92751,168672298,168673804
Sh3glb1,4.8017,144720160,144720398,5.92751,168672298,168673804
Bcl10,4.95819,145925042,145925319,5.92751,168672298,168673804
,13.6116,148491244,148491651,5.92751,168672298,168673804
Zranb2,3.38465,157534306,157534843,5.92751,168672298,168673804
Nsmaf,9.21376,6445149,6446153,5.92751,168672298,168673804
Chd7,5.52186,8927533,8927812,5.92751,168672298,168673804
Chd7,5.63117,8928717,8929031,5.92751,168672298,168673804
,4.11514,9116099,9116385,5.92751,168672298,168673804
Cpne3,5.06479,19569706,19569976,5.92751,168672298,168673804
Usp45,3.47944,21776230,21776638,5.92751,168672298,168673804
Rngtt,4.12503,33310873,33311231,5.92751,168672298,168673804
Topors;Toporsos,5.1343,40269476,40269927,5.92751,168672298,168673804
Cd72,3.60121,43456218,43456530,5.92751,168672298,168673804
Cd72,2.92794,43456763,43457039,5.92751,168672298,168673804
Gm829,4.64066,45688251,45688517,5.92751,168672298,168673804
Anp32b,6.26292,46451921,46453138,5.92751,168672298,168673804
Anp32b,5.69789,46458262,46458653,5.92751,168672298,168673804
Coro2a,5.28874,46557114,46557489,5.92751,168672298,168673804
Coro2a,3.91432,46601723,46602196,5.92751,168672298,168673804
Nr4a3,4.91067,48012189,48012455,5.92751,168672298,168673804
Nr4a3;Stx17,4.89947,48047373,48047705,5.92751,168672298,168673804
Slc44a1,3.60941,53439954,53440271,5.92751,168672298,168673804
Txn1,3.47808,57955952,57956480,5.92751,168672298,168673804
Ptbp3,9.91638,59547637,59549703,5.92751,168672298,168673804
Akna,4.69719,63402228,63402592,5.92751,168672298,168673804
Akna,4.88846,63405078,63405345,5.92751,168672298,168673804
Orm1;Orm2;Akna;Orm3;Col27a1;Whrn,4.89848,63408735,63409453,5.92751,168672298,168673804
Orm1;Orm2;Akna;Orm3;Col27a1;Whrn,14.5307,63409805,63410759,5.92751,168672298,168673804
Mllt3,6.961,87986944,87987224,5.92751,168672298,168673804
Nfia,8.25007,97861052,97861301,5.92751,168672298,168673804
E130102H24Rik;Ak4;0610043K17Rik;Mir101a;Jak1,4.95819,101320459,101320759,5.92751,168672298,168673804
Ssbp3,5.61928,106912285,106912716,5.92751,168672298,168673804
Scp2,5.94983,108118240,108118513,5.92751,168672298,168673804
Cdkn2c,5.62702,109666485,109667096,5.92751,168672298,168673804
Atpaf1,4.95819,115784895,115785332,5.92751,168672298,168673804
Nasp,5.48773,116627086,116628233,5.92751,168672298,168673804
Slc2a1,6.00193,119127110,119127604,5.92751,168672298,168673804
Ybx1,4.5014,119293556,119293930,5.92751,168672298,168673804
Ybx1,5.03406,119294311,119295142,5.92751,168672298,168673804
Hivep3,3.19661,120032463,120032896,5.92751,168672298,168673804
Ak2;Azin2;Hpca;Fndc5;Tmem54;Rnf19b,4.2971,129049167,129049545,5.92751,168672298,168673804
Rnf19b,22.7666,129059250,129060691,5.92751,168672298,168673804
Snrnp40;Zcchc17,8.35056,130360144,130360429,5.92751,168672298,168673804
Srsf4,4.17238,131874577,131874810,5.92751,168672298,168673804
Ythdf2,9.30288,132211692,132212427,5.92751,168672298,168673804
Smpdl3b,13.3505,132748744,132749295,5.92751,168672298,168673804
Wasf2,4.25141,133131974,133132289,5.92751,168672298,168673804
Map3k6,3.60941,133238158,133238481,5.92751,168672298,168673804
Clhc1,4.62765,134512711,134512996,5.92751,168672298,168673804
Rcan3,4.38285,135433981,135434309,5.92751,168672298,168673804
Ifnlr1,4.11514,135692905,135693145,5.92751,168672298,168673804
Iffo2,7.82873,139598848,139599382,5.92751,168672298,168673804
Necap2,4.3493,141077982,141078456,5.92751,168672298,168673804
Arhgef19;Epha2;Fam131c;Rsg1;Fbxo42,4.85868,141273035,141273377,5.92751,168672298,168673804
Spen,3.79859,141538617,141539015,5.92751,168672298,168673804
Mir7021;Pdpn;Prdm2,3.5516,143219512,143219749,5.92751,168672298,168673804
Ctnnbip1,4.78423,149518094,149518455,5.92751,168672298,168673804
Pik3cd,5.21916,149697913,149699222,5.92751,168672298,168673804
Pik3cd,3.57268,149703488,149703983,5.92751,168672298,168673804
Eno1b;Eno1,6.0596,150238363,150239640,5.92751,168672298,168673804
Klhl21,6.61092,152010224,152010726,5.92751,168672298,168673804
Pex10,4.56676,155066950,155067242,5.92751,168672298,168673804
Mmp23,4.71593,155654717,155655077,5.92751,168672298,168673804
Atad3aos;Atad3a,5.60198,155760706,155761151,5.92751,168672298,168673804
Ankib1;Krit1,7.17634,3801966,3803646,5.92751,168672298,168673804
Ankib1;Krit1,6.00182,3803887,3804213,5.92751,168672298,168673804
Crot,3.31151,8997031,8997451,5.92751,168672298,168673804
Rheb,9.27571,24842067,24842772,5.92751,168672298,168673804
Insig1,6.48218,28071417,28072464,5.92751,168672298,168673804
Rbm33,3.81941,28317784,28318068,5.92751,168672298,168673804
Hadhb;Hadha,3.09788,30155423,30156434,5.92751,168672298,168673804
Khk,4.12503,30921503,30921759,5.92751,168672298,168673804
Whsc1;Mir7024;Nelfa;Letm1;Fgfr3,4.13183,33821794,33822365,5.92751,168672298,168673804
Mir7036b;Add1,4.00127,34574694,34575175,5.92751,168672298,168673804
Grk4;Nop14,4.89848,34660545,34660980,5.92751,168672298,168673804
Sorcs2,4.95819,36373233,36373539,5.92751,168672298,168673804
Bod1l,7.99225,41845016,41845415,5.92751,168672298,168673804
Mir6417;9230114K14Rik;C130083M11Rik;Dhx15,5.61928,52142060,52142384,5.92751,168672298,168673804
Gm3716;1700027F09Rik;C030018K13Rik,4.57288,64497160,64497403,5.92751,168672298,168673804
9130230L23Rik;Rhoh;Chrna9;Rbm47,10.0548,65986516,65986751,5.92751,168672298,168673804
Bend4,4.43169,67404670,67405208,5.92751,168672298,168673804
Cnga1,8.92474,72635808,72636523,5.92751,168672298,168673804
Ankrd17;Gm9958,5.45304,90366236,90367009,5.92751,168672298,168673804
2010109A12Rik;Ccni,3.65993,93206253,93206786,5.92751,168672298,168673804
Cnot6l,3.69959,96163979,96164280,5.92751,168672298,168673804
Ptpn13;Aff1;Slc10a6;1700016H13Rik,3.63601,103692899,103693152,5.92751,168672298,168673804
BC005561,3.60941,104508518,104508802,5.92751,168672298,168673804
Gbp9;Gbp8;Gbp10;Gbp4,4.4395,105145234,105146136,5.92751,168672298,168673804
Lrrc8c,3.26197,105556354,105556614,5.92751,168672298,168673804
Lrrc8d;Lrrc8c,6.0019,105685032,105685280,5.92751,168672298,168673804
Gfi1,11.0238,107725084,107726319,5.92751,168672298,168673804
Ttc28,4.12503,111159895,111160130,5.92751,168672298,168673804
Tpst2,5.87155,112276288,112277359,5.92751,168672298,168673804
Selplg,4.7009,113832375,113832836,5.92751,168672298,168673804
Ccdc64;Cit,5.28874,115760825,115761157,5.92751,168672298,168673804
Gm10390,4.95819,120125202,120125504,5.92751,168672298,168673804
A930024E05Rik;Kdm2b,4.32483,122990328,122990767,5.92751,168672298,168673804
A930024E05Rik,3.2154,122994317,122994548,5.92751,168672298,168673804
Setd1b,8.88299,123144165,123144971,5.92751,168672298,168673804
Denr,3.93242,123914870,123915189,5.92751,168672298,168673804
Arl6ip4;Ogfod2;Mir7032;Ccdc62;Vps37b;Pitpnm2;Abcb9;Hip1r,4.80306,124035902,124036149,5.92751,168672298,168673804
Sbno1,5.15629,124424846,124425089,5.92751,168672298,168673804
Aacs;Scarb1;Dhx37;Bri3bp;Ubc,9.0183,125394114,125394536,5.92751,168672298,168673804
Ran,4.93029,129020254,129020898,5.92751,168672298,168673804
Vkorc1l1,3.2154,129942298,129942563,5.92751,168672298,168673804
Sbds;Tyw1,3.58882,130256477,130257237,5.92751,168672298,168673804
Gtf2ird1,5.61928,134444291,134444685,5.92751,168672298,168673804
Clip2,4.95819,134491760,134492050,5.92751,168672298,168673804
Rfc2,4.12503,134582698,134582967,5.92751,168672298,168673804
Eif4h,8.21301,134638885,134639751,5.92751,168672298,168673804
Abhd11,5.63117,135009644,135009928,5.92751,168672298,168673804
Hip1,10.6703,135538178,135538555,5.92751,168672298,168673804
Fis1,4.2971,136952941,136953315,5.92751,168672298,168673804
Get4,4.00142,139252898,139253440,5.92751,168672298,168673804
Gpr146,10.8732,139381345,139383280,5.92751,168672298,168673804
Lfng,5.74344,140610808,140611084,5.92751,168672298,168673804
Card11,9.91638,141000094,141000888,5.92751,168672298,168673804
Ap5z1;Foxk1,5.61928,142380615,142380924,5.92751,168672298,168673804
Cdk8,3.14683,146230969,146231243,5.92751,168672298,168673804
Polr1d;Lnx2,6.21951,147077414,147077923,5.92751,168672298,168673804
Polr1d;Gsx1;Lnx2;2210019I11Rik,3.74472,147159360,147159626,5.92751,168672298,168673804
Pan3,8.66244,147430942,147431852,5.92751,168672298,168673804
Ubl3,5.41411,148551921,148552816,5.92751,168672298,168673804
2210417A02Rik,5.94983,148739166,148739452,5.92751,168672298,168673804
2210417A02Rik,3.60941,148769598,148769885,5.92751,168672298,168673804
Samd9l,4.62765,3386858,3387102,5.92751,168672298,168673804
Ica1,4.08137,8736412,8736651,5.92751,168672298,168673804
Fam3c,5.1691,22355852,22356293,5.92751,168672298,168673804
Hilpda,7.91373,29272429,29273267,5.92751,168672298,168673804
Ube2h,6.18755,30304232,30304670,5.92751,168672298,168673804
Nup205,3.5516,35177861,35178288,5.92751,168672298,168673804
Kdm7a,6.64753,39206363,39206968,5.92751,168672298,168673804
Zyx,3.96655,42350739,42351066,5.92751,168672298,168673804
Gimap4,3.91437,48687574,48687830,5.92751,168672298,168673804
Aoc1;Tmem176a;Tmem176b;Gimap5;Gimap6;Gimap7;Gimap1;Gimap3,7.91373,48802022,48802262,5.92751,168672298,168673804
Osbpl3,4.95819,50377842,50378090,5.92751,168672298,168673804
Cbx3;Hnrnpa2b1,3.93892,51469990,51471134,5.92751,168672298,168673804
Creb5,4.95819,53589973,53590295,5.92751,168672298,168673804
Crhr2;Nod1;Gars;Ggct,3.76072,55015727,55016095,5.92751,168672298,168673804
Kbtbd2,3.94875,56797904,56798265,5.92751,168672298,168673804
Gadd45a;E230016M11Rik,4.43169,67036354,67036596,5.92751,168672298,168673804
Serbp1,10.8732,67267517,67268530,5.92751,168672298,168673804
Il12rb2,8.86338,67367143,67367425,5.92751,168672298,168673804
Usp39;0610030E20Rik,5.33517,72347360,72347688,5.92751,168672298,168673804
Hk2,4.7009,82753170,82753441,5.92751,168672298,168673804
Hk2,4.51286,82774483,82774864,5.92751,168672298,168673804
Tex261,4.43169,83775776,83776056,5.92751,168672298,168673804
1700019G17Rik;Add2;Dusp11;Figla;Cml1;Cml2;Tprkb,3.26197,85966241,85966666,5.92751,168672298,168673804
Aak1;2610306M01Rik,4.13679,86849603,86851275,5.92751,168672298,168673804
Gm1965;4933427D06Rik,6.61092,89042611,89043303,5.92751,168672298,168673804
Slc6a6,3.38465,91684779,91685427,5.92751,168672298,168673804
Nr2c2,5.15629,92092099,92092559,5.92751,168672298,168673804
Foxp1,5.61928,99522212,99522950,5.92751,168672298,168673804
,6.30195,103339954,103340427,5.92751,168672298,168673804
Tada3;Arpc4,3.93242,113378277,113378554,5.92751,168672298,168673804
Vhl,4.89848,113624147,113624399,5.92751,168672298,168673804
Zfp637,4.62765,117841149,117841430,5.92751,168672298,168673804
Hnrnpf,4.18738,117918202,117918490,5.92751,168672298,168673804
Wnk1,3.74472,120037886,120038684,5.92751,168672298,168673804
Cdca3;Usp5,7.37414,124829972,124830738,5.92751,168672298,168673804
Tspan9,4.11514,128007293,128007550,5.92751,168672298,168673804
1190002F15Rik,5.87155,134928213,134929534,5.92751,168672298,168673804
E330021D16Rik;Atf7ip,4.62765,136491898,136492130,5.92751,168672298,168673804
Aebp2,5.28874,140722142,140722404,5.92751,168672298,168673804
1700073E17Rik;Ifltd1,3.96655,145373780,145374108,5.92751,168672298,168673804
Itpr2,7.50233,146486170,146486445,5.92751,168672298,168673804
Itpr2,7.84883,146501209,146502176,5.92751,168672298,168673804
2810474O19Rik;Bicd1,4.80306,149366439,149366715,5.92751,168672298,168673804
Bbc3,17.5189,16313664,16314518,5.92751,168672298,168673804
Slc1a5,5.94983,16784293,16784805,5.92751,168672298,168673804
Prkd2,4.32572,16843360,16843610,5.92751,168672298,168673804
Prkd2,5.00177,16845033,16845817,5.92751,168672298,168673804
Irf2bp1,4.62765,19002991,19003226,5.92751,168672298,168673804
Irf2bp1,7.63882,19004034,19004465,5.92751,168672298,168673804
Vasp,13.2681,19271926,19272835,5.92751,168672298,168673804
Ercc1,4.14594,19345039,19345286,5.92751,168672298,168673804
Ppp1r37,5.06479,19562065,19562311,5.92751,168672298,168673804
Kcnn4,6.28038,24372334,24373169,5.92751,168672298,168673804
Irgq;Pinlyp;Plaur;Smg9;Irgc1;Kcnn4;Xrcc1;Cadm4;Zfp428,3.33448,24457729,24457961,5.92751,168672298,168673804
Phldb3,4.78423,24618372,24618609,5.92751,168672298,168673804
Pou2f2,3.87846,25132329,25132626,5.92751,168672298,168673804
D930028M14Rik,3.60112,25155799,25156066,5.92751,168672298,168673804
Dedd2;Zfp526,3.77908,25221541,25221846,5.92751,168672298,168673804
Erf,5.92974,25250484,25250902,5.92751,168672298,168673804
Tgfb1,3.17194,25689023,25689982,5.92751,168672298,168673804
Fbxo27,4.62765,28693399,28693648,5.92751,168672298,168673804
Actn4,4.38285,28961316,28961591,5.92751,168672298,168673804
Rasgrp4,5.15629,29141366,29141633,5.92751,168672298,168673804
Nfkbid;Hcst,5.79679,30421238,30422412,5.92751,168672298,168673804
Nfkbid,3.25564,30423262,30423507,5.92751,168672298,168673804
Zbtb32,5.47539,30594028,30594788,5.92751,168672298,168673804
Mir7050;Fxyd5;Fxyd3;Hamp;Fxyd7;Fxyd1;Usf2;Hamp2;Lgi4;Lsr;Hpn;Mag;Fam187b,3.47808,31002555,31002951,5.92751,168672298,168673804
1600014C10Rik,4.34635,38189446,38189691,5.92751,168672298,168673804
Prr12,5.70177,45054047,45054526,5.92751,168672298,168673804
Dkkl1,4.2971,45211899,45212213,5.92751,168672298,168673804
Trpm4;Hrc,5.40167,45333491,45333807,5.92751,168672298,168673804
Ppp1r15a;Plekha4,6.00202,45525901,45526404,5.92751,168672298,168673804
Klf13,4.62765,64037769,64038056,5.92751,168672298,168673804
Fan1,5.92974,64373845,64374132,5.92751,168672298,168673804
Chsy1,3.96655,66145355,66145708,5.92751,168672298,168673804
Mef2a;Lrrc28,4.95819,67451519,67451876,5.92751,168672298,168673804
1810026B05Rik,4.31966,73555868,73556710,5.92751,168672298,168673804
1810026B05Rik,4.13183,73557121,73557424,5.92751,168672298,168673804
Akap13,4.73828,75455800,75456223,5.92751,168672298,168673804
Akap13,4.13183,75611262,75612766,5.92751,168672298,168673804
Akap13,4.62765,75650154,75650400,5.92751,168672298,168673804
Polg,3.79089,79465837,79466151,5.92751,168672298,168673804
Ticrr,6.00182,79661097,79661445,5.92751,168672298,168673804
Sema4b,4.2013,80192450,80192797,5.92751,168672298,168673804
Blm;Furin;Man2a2;Fes,3.25564,80449956,80450232,5.92751,168672298,168673804
Stard5,5.61928,83631939,83632261,5.92751,168672298,168673804
Pcf11,5.18349,92668806,92670034,5.92751,168672298,168673804
Ddias;Prcp,4.38611,92874711,92875271,5.92751,168672298,168673804
Prkrir,3.96655,98708779,98709048,5.92751,168672298,168673804
Uvrag,4.30931,99141508,99141767,5.92751,168672298,168673804
Xrra1,4.38285,99889435,99889738,5.92751,168672298,168673804
Ucp2,6.94947,100494364,100495908,5.92751,168672298,168673804
P2ry2;Fchsd2;P2ry6,3.47944,101060287,101060537,5.92751,168672298,168673804
Trim12a;Gm15133,5.43029,104315599,104315888,5.92751,168672298,168673804
Cdr2;4933427G17Rik,3.14683,120982587,120982903,5.92751,168672298,168673804
,5.28874,125189947,125190311,5.92751,168672298,168673804
Il4ra,4.54716,125554207,125554886,5.92751,168672298,168673804
Il4ra,4.45561,125555208,125555775,5.92751,168672298,168673804
Il21r,4.89848,125606483,125606931,5.92751,168672298,168673804
Il21r,17.2736,125607288,125608685,5.92751,168672298,168673804
Xpo6,4.5014,126181097,126181540,5.92751,168672298,168673804
Sbk1,4.12503,126272281,126272590,5.92751,168672298,168673804
Atxn2l,9.25307,126503162,126503938,5.92751,168672298,168673804
Cln3;Apobr,7.91164,126584558,126584922,5.92751,168672298,168673804
Mvp,3.97494,127007311,127007609,5.92751,168672298,168673804
Kif22,3.63601,127031508,127031764,5.92751,168672298,168673804
Zfp764;E430018J23Rik;Zfp688;9130019O22Rik;Zfp768;Zfp689;Itgal;Sephs2;Zfp747,4.62765,127370089,127370320,5.92751,168672298,168673804
Fbxl19,2.95967,127745412,127745839,5.92751,168672298,168673804
Fus,3.38465,127968206,127968536,5.92751,168672298,168673804
Tial1,11.2982,128461800,128462196,5.92751,168672298,168673804
Fam175b,3.76072,132859181,132859493,5.92751,168672298,168673804
Olfr530,6.18755,140374446,140374715,5.92751,168672298,168673804
Lsp1,4.64066,142462620,142463026,5.92751,168672298,168673804
A430078G23Rik,6.01443,3354427,3355033,5.92751,168672298,168673804
A430078G23Rik,5.11287,3355440,3355874,5.92751,168672298,168673804
Zfp958,4.00138,4613135,4613392,5.92751,168672298,168673804
Zfp958;Shcbp1,4.73547,4678140,4678594,5.92751,168672298,168673804
Ing1,4.80306,11557665,11557994,5.92751,168672298,168673804
Dcun1d2,6.70318,13263476,13263716,5.92751,168672298,168673804
Rasa3,6.64753,13649070,13649395,5.92751,168672298,168673804
Rasa3,5.67192,13676186,13677581,5.92751,168672298,168673804
Golga7,3.47944,23257405,23257682,5.92751,168672298,168673804
Eri1,3.55678,35495740,35496192,5.92751,168672298,168673804
Asah1,2.95967,41374406,41374845,5.92751,168672298,168673804
Dctd,4.2971,48109935,48110180,5.92751,168672298,168673804
Gatad2a,7.94989,69920033,69920496,5.92751,168672298,168673804
Ssbp4,4.95819,70601401,70601658,5.92751,168672298,168673804
Tpm4,3.80932,72136450,72137019,5.92751,168672298,168673804
Mcm5,3.96655,75110518,75111176,5.92751,168672298,168673804
Usp38,6.52395,81012034,81013022,5.92751,168672298,168673804
Usp38,13.0951,81014521,81015407,5.92751,168672298,168673804
Inpp4b,4.38285,81702028,81702286,5.92751,168672298,168673804
Cd97,5.45304,83739652,83740470,5.92751,168672298,168673804
Cd97,4.07285,83740789,83741499,5.92751,168672298,168673804
Hook2,3.60941,84990351,84990846,5.92751,168672298,168673804
Tnpo2,5.07865,85037650,85038377,5.92751,168672298,168673804
Lonp2,4.2971,86624877,86625229,5.92751,168672298,168673804
Bbs2;Mt2;Mt3;Mt1;Nup93;Mt4,5.61928,94191244,94191492,5.92751,168672298,168673804
9330175E14Rik,3.47944,94435030,94435752,5.92751,168672298,168673804
Rspry1;Fam192a,3.14683,94601769,94602023,5.92751,168672298,168673804
Cbfb,5.43029,105171334,105171808,5.92751,168672298,168673804
Gfod2,5.15629,105746168,105746549,5.92751,168672298,168673804
Sntb2,4.62765,106936651,106936906,5.92751,168672298,168673804
Gabarapl2,5.25174,111940718,111941089,5.92751,168672298,168673804
Cenpn;Cmc2,4.38285,116923570,116923893,5.92751,168672298,168673804
Gse1;Mir7687,11.3438,120538441,120539261,5.92751,168672298,168673804
Gse1,4.95819,120563919,120564170,5.92751,168672298,168673804
Sult5a1;Cdk10;Vps9d1;Spg7;4933417D19Rik;Mir7080;Zfp276;Cpne7;Mir7079;Dpep1;Spata33;Spata2l;Rpl13;Chmp1a;Snord68,3.78192,123162997,123163296,5.92751,168672298,168673804
Pard3,14.544,127381336,127381662,5.92751,168672298,168673804
,5.28874,127962982,127963215,5.92751,168672298,168673804
,4.8017,14093039,14093324,5.92751,168672298,168673804
Slc36a4,4.2971,15709409,15709663,5.92751,168672298,168673804
Kri1;Cdkn2d,3.33456,21288563,21289129,5.92751,168672298,168673804
Cdkn2d,7.41447,21290731,21291928,5.92751,168672298,168673804
Ilf3,10.0033,21368319,21368728,5.92751,168672298,168673804
Bbs9,3.19661,22655097,22655541,5.92751,168672298,168673804
Tirap,4.2971,35199799,35200108,5.92751,168672298,168673804
Cd3e,7.09319,45009161,45009872,5.92751,168672298,168673804
Rbm7;Nnmt;Gm8884;Rexo2;Gm5617,3.31151,48538212,48538560,5.92751,168672298,168673804
Fdx1,5.28874,51963248,51963583,5.92751,168672298,168673804
Hmg20a;Peak1,3.85445,56419714,56419982,5.92751,168672298,168673804
Pkm,6.48094,59657232,59658613,5.92751,168672298,168673804
Pkm,5.00166,59659546,59659895,5.92751,168672298,168673804
Pias1,6.61092,62932583,62932988,5.92751,168672298,168673804
Map2k5,7.58124,63275167,63275454,5.92751,168672298,168673804
Dis3l,4.2971,64341045,64341458,5.92751,168672298,168673804
Mtfmt;Rasl12;Spg21;Pif1;Slc51b;Kbtbd13;Plekho2,3.79062,65491137,65491457,5.92751,168672298,168673804
Rab27a,4.85868,73045276,73045629,5.92751,168672298,168673804
Wdr72,7.14536,74141861,74142166,5.92751,168672298,168673804
Tmod3,5.94983,75541673,75542115,5.92751,168672298,168673804
Elovl5,6.63359,77911707,77911994,5.92751,168672298,168673804
Elovl5,4.43169,77921595,77921829,5.92751,168672298,168673804
Mto1,4.11514,78448618,78449028,5.92751,168672298,168673804
Syncrip,5.78773,88481901,88483234,5.92751,168672298,168673804
Tbc1d2b,3.19661,90270455,90270834,5.92751,168672298,168673804
Chst2;Slc9a9,3.63601,95325929,95326162,5.92751,168672298,168673804
Gk5,3.91437,96119179,96119566,5.92751,168672298,168673804
Rnf7;Atp1b3,4.12503,96438516,96438906,5.92751,168672298,168673804
Pxylp1;Zbtb38;C430002N11Rik;E030011O05Rik,5.28874,96759165,96759464,5.92751,168672298,168673804
5830418P13Rik,7.27201,103424690,103425482,5.92751,168672298,168673804
Pik3r4,4.56676,105642812,105643043,5.92751,168672298,168673804
Rhoa;Tcta,5.55747,108306227,108306779,5.92751,168672298,168673804
Ccdc12;Nbeal2,4.10679,110656534,110656791,5.92751,168672298,168673804
Pth1r;Prss46;Prss44;Prss45;Prss42;Prss43;Tmie;Myl3;Ccdc12;Als2cl;Prss50,5.28874,110781283,110781555,5.92751,168672298,168673804
Arpp21,4.2971,112225177,112225411,5.92751,168672298,168673804
Glb1,6.94947,114455474,114455754,5.92751,168672298,168673804
,6.33098,115703977,115704223,5.92751,168672298,168673804
Oxsr1,4.14354,119322793,119323043,5.92751,168672298,168673804
Csrnp1,6.01443,119982810,119983762,5.92751,168672298,168673804
Ccdc13,6.33098,121839437,121839701,5.92751,168672298,168673804
Fam198a;Cyp8b1;Higd1a;Ackr2;Klhl40;Ccdc13;1700048O20Rik;Hhatl,5.06479,121881002,121881401,5.92751,168672298,168673804
Ccr9;Fyco1;Cxcr6;Slc6a20a;Lztfl1,16.1968,123740851,123741167,5.92751,168672298,168673804
4930526I15Rik,8.69859,124425590,124426080,5.92751,168672298,168673804
Pisd-ps3,1.30027,84793,85100,5.92751,168672298,168673804
Pisd-ps3,1.21861,110058,110345,5.92751,168672298,168673804
Pisd-ps3,1.2127,113002,113365,5.92751,168672298,168673804
AA414768,3.63601,12936887,12937119,5.92751,168672298,168673804
Mir222;Mir221,5.61928,19168335,19168833,5.92751,168672298,168673804
Jade3,4.11514,20425692,20426017,5.92751,168672298,168673804
Cul4b,3.86722,38564549,38564954,5.92751,168672298,168673804
9530027J09Rik,3.79859,48284863,48285166,5.92751,168672298,168673804
Vma21,3.91437,71816499,71816817,5.92751,168672298,168673804
Flna,12.8913,74244794,74245083,5.92751,168672298,168673804
Gab3,4.62765,75032080,75032313,5.92751,168672298,168673804
Lhfpl1;Amot,6.61092,145362646,145362935,5.92751,168672298,168673804
Sat1,3.96655,155216171,155216550,5.92751,168672298,168673804
Tmsb4x;Gm8817;Tlr8,4.2971,167157565,167157807,5.92751,168672298,168673804
